timestamp,transit_a_mbps,transit_b_mbps,ix_mbps
2026-06-01 00:00,4470,3713,5167
2026-06-01 00:05,4289,3723,5218
2026-06-01 00:10,4680,3486,5053
2026-06-01 00:15,4499,3647,5271
2026-06-01 00:20,4444,3618,5255
2026-06-01 00:25,4511,3544,4815
2026-06-01 00:30,4424,3417,5022
2026-06-01 00:35,4573,3608,5188
2026-06-01 00:40,4692,3674,5073
2026-06-01 00:45,4190,3419,5280
2026-06-01 00:50,4293,3499,5222
2026-06-01 00:55,4582,3453,4824
2026-06-01 01:00,4267,3530,4606
2026-06-01 01:05,4442,3546,4874
2026-06-01 01:10,4232,3447,4624
2026-06-01 01:15,4658,3772,4989
2026-06-01 01:20,4194,3466,4684
2026-06-01 01:25,4313,3420,4792
2026-06-01 01:30,4243,3489,5054
2026-06-01 01:35,4401,3632,4849
2026-06-01 01:40,4451,3791,4815
2026-06-01 01:45,4160,3636,4864
2026-06-01 01:50,4601,3447,5206
2026-06-01 01:55,4126,3667,4909
2026-06-01 02:00,4312,3844,5088
2026-06-01 02:05,4218,3643,5025
2026-06-01 02:10,4138,3435,5018
2026-06-01 02:15,4569,3627,4894
2026-06-01 02:20,4431,3523,5208
2026-06-01 02:25,4713,3636,4615
2026-06-01 02:30,4363,3800,4826
2026-06-01 02:35,4182,3485,5094
2026-06-01 02:40,4502,3536,5033
2026-06-01 02:45,4588,3883,5177
2026-06-01 02:50,4386,3804,5242
2026-06-01 02:55,4655,3773,5008
2026-06-01 03:00,4434,3824,5034
2026-06-01 03:05,4564,3507,4665
2026-06-01 03:10,4284,3688,4998
2026-06-01 03:15,4240,3487,5259
2026-06-01 03:20,4161,3863,5136
2026-06-01 03:25,4472,3899,5072
2026-06-01 03:30,4121,3870,4888
2026-06-01 03:35,4685,3806,4697
2026-06-01 03:40,4142,3401,5142
2026-06-01 03:45,4607,3507,4679
2026-06-01 03:50,4344,3798,5114
2026-06-01 03:55,4654,3884,5124
2026-06-01 04:00,4635,3399,4606
2026-06-01 04:05,4651,3706,4828
2026-06-01 04:10,4196,3560,4836
2026-06-01 04:15,4424,3620,4741
2026-06-01 04:20,4168,3494,4690
2026-06-01 04:25,4179,3602,4691
2026-06-01 04:30,4613,3668,4920
2026-06-01 04:35,4513,3510,4617
2026-06-01 04:40,4166,3562,4851
2026-06-01 04:45,4273,3547,5179
2026-06-01 04:50,4122,3620,4867
2026-06-01 04:55,4292,3760,4757
2026-06-01 05:00,4143,3472,5279
2026-06-01 05:05,4331,3450,5274
2026-06-01 05:10,4517,3879,4831
2026-06-01 05:15,4619,3412,4766
2026-06-01 05:20,4609,3654,5148
2026-06-01 05:25,4356,3838,4655
2026-06-01 05:30,4503,3487,4739
2026-06-01 05:35,4664,3610,5164
2026-06-01 05:40,4293,3763,5230
2026-06-01 05:45,4505,3510,5064
2026-06-01 05:50,4706,3799,4909
2026-06-01 05:55,4364,3441,5134
2026-06-01 06:00,4215,3502,4624
2026-06-01 06:05,4219,3586,4931
2026-06-01 06:10,4226,3607,5126
2026-06-01 06:15,4177,3460,4963
2026-06-01 06:20,4677,3859,4995
2026-06-01 06:25,4174,3836,5289
2026-06-01 06:30,4674,3661,4866
2026-06-01 06:35,4481,3794,5290
2026-06-01 06:40,4423,3649,4816
2026-06-01 06:45,4452,3668,4797
2026-06-01 06:50,4401,3858,4765
2026-06-01 06:55,4274,3546,5196
2026-06-01 07:00,4305,3812,5245
2026-06-01 07:05,4660,3801,4736
2026-06-01 07:10,4396,3811,4772
2026-06-01 07:15,4490,3835,5248
2026-06-01 07:20,4334,3451,4623
2026-06-01 07:25,4313,3670,4796
2026-06-01 07:30,4628,3722,5032
2026-06-01 07:35,4629,3558,5051
2026-06-01 07:40,4334,3538,4681
2026-06-01 07:45,4606,3850,4623
2026-06-01 07:50,4561,3422,4891
2026-06-01 07:55,4313,3851,4901
2026-06-01 08:00,4433,3572,4778
2026-06-01 08:05,4268,3422,4611
2026-06-01 08:10,4458,3767,5066
2026-06-01 08:15,4278,3895,4656
2026-06-01 08:20,4384,3561,4725
2026-06-01 08:25,4713,3755,4692
2026-06-01 08:30,4227,3804,4859
2026-06-01 08:35,4304,3542,4827
2026-06-01 08:40,4482,3549,5011
2026-06-01 08:45,4156,3664,5006
2026-06-01 08:50,4315,3833,5244
2026-06-01 08:55,4524,3601,4716
2026-06-01 09:00,4505,3538,4716
2026-06-01 09:05,4447,3493,5044
2026-06-01 09:10,4588,3396,5039
2026-06-01 09:15,4236,3562,5102
2026-06-01 09:20,4715,3551,5124
2026-06-01 09:25,4332,3870,4722
2026-06-01 09:30,4529,3433,4989
2026-06-01 09:35,4580,3859,5134
2026-06-01 09:40,4465,3600,5046
2026-06-01 09:45,4532,3714,5111
2026-06-01 09:50,4601,3887,5055
2026-06-01 09:55,4692,3794,4898
2026-06-01 10:00,4656,3610,5223
2026-06-01 10:05,4716,3893,5293
2026-06-01 10:10,4612,3698,4871
2026-06-01 10:15,4592,3913,4935
2026-06-01 10:20,4335,3855,5340
2026-06-01 10:25,4347,3545,4792
2026-06-01 10:30,4583,3921,4905
2026-06-01 10:35,4752,3522,4896
2026-06-01 10:40,4614,3911,5119
2026-06-01 10:45,4723,3716,5055
2026-06-01 10:50,4635,3540,4948
2026-06-01 10:55,4544,3906,4967
2026-06-01 11:00,4494,4103,5320
2026-06-01 11:05,4624,4009,5391
2026-06-01 11:10,4914,3906,5343
2026-06-01 11:15,4461,3854,5204
2026-06-01 11:20,4588,3838,5596
2026-06-01 11:25,4589,3719,5213
2026-06-01 11:30,4577,3688,5674
2026-06-01 11:35,4856,3710,5415
2026-06-01 11:40,4629,3985,5758
2026-06-01 11:45,5203,3958,5665
2026-06-01 11:50,4898,3801,5404
2026-06-01 11:55,5145,4218,5683
2026-06-01 12:00,5297,4015,5699
2026-06-01 12:05,5210,4351,5863
2026-06-01 12:10,5278,4039,5511
2026-06-01 12:15,5130,3935,5488
2026-06-01 12:20,4985,4009,5424
2026-06-01 12:25,5217,4094,5355
2026-06-01 12:30,5353,4496,5521
2026-06-01 12:35,5305,4010,5553
2026-06-01 12:40,4959,4370,5863
2026-06-01 12:45,5472,4409,6061
2026-06-01 12:50,5546,4390,5663
2026-06-01 12:55,5053,4586,6194
2026-06-01 13:00,5447,4674,6224
2026-06-01 13:05,5300,4230,5944
2026-06-01 13:10,5725,4697,5627
2026-06-01 13:15,5069,4450,6434
2026-06-01 13:20,5771,4726,5756
2026-06-01 13:25,5291,4718,6116
2026-06-01 13:30,5415,4870,5790
2026-06-01 13:35,5582,4853,6427
2026-06-01 13:40,5937,4490,6347
2026-06-01 13:45,6050,4429,6275
2026-06-01 13:50,6102,4478,6626
2026-06-01 13:55,5949,4574,6866
2026-06-01 14:00,6017,4522,6914
2026-06-01 14:05,6142,4787,6086
2026-06-01 14:10,6104,4892,6786
2026-06-01 14:15,5564,4855,6893
2026-06-01 14:20,6145,4679,6496
2026-06-01 14:25,5958,4910,7161
2026-06-01 14:30,6406,4626,6861
2026-06-01 14:35,5774,5265,6825
2026-06-01 14:40,6467,5334,7263
2026-06-01 14:45,5884,4771,7160
2026-06-01 14:50,6185,5317,6890
2026-06-01 14:55,6185,5324,6867
2026-06-01 15:00,6302,5118,7219
2026-06-01 15:05,5969,5202,7178
2026-06-01 15:10,6563,5565,7021
2026-06-01 15:15,6860,5457,7084
2026-06-01 15:20,6547,5242,7409
2026-06-01 15:25,6103,5684,7163
2026-06-01 15:30,6135,5109,7195
2026-06-01 15:35,6414,5721,7286
2026-06-01 15:40,7072,5332,7306
2026-06-01 15:45,7157,5822,7983
2026-06-01 15:50,6415,5247,7785
2026-06-01 15:55,6675,5314,7198
2026-06-01 16:00,6710,5516,7866
2026-06-01 16:05,7406,5443,8065
2026-06-01 16:10,7074,6045,8341
2026-06-01 16:15,7443,5494,8123
2026-06-01 16:20,7356,5737,7399
2026-06-01 16:25,7397,5983,8267
2026-06-01 16:30,7447,6116,7521
2026-06-01 16:35,7690,6345,7927
2026-06-01 16:40,7587,6376,8076
2026-06-01 16:45,7180,6138,8536
2026-06-01 16:50,7312,6266,8800
2026-06-01 16:55,7326,6494,7915
2026-06-01 17:00,7610,6475,8284
2026-06-01 17:05,7337,6038,8296
2026-06-01 17:10,7505,6201,8214
2026-06-01 17:15,7780,6077,8296
2026-06-01 17:20,7696,6735,8372
2026-06-01 17:25,7443,6663,8809
2026-06-01 17:30,7430,6890,8403
2026-06-01 17:35,8052,6271,9239
2026-06-01 17:40,7817,6675,9267
2026-06-01 17:45,8249,6430,8714
2026-06-01 17:50,8172,6676,9299
2026-06-01 17:55,7645,6292,8461
2026-06-01 18:00,8546,6442,9484
2026-06-01 18:05,8205,7231,9403
2026-06-01 18:10,8717,6464,9805
2026-06-01 18:15,8236,6455,9829
2026-06-01 18:20,8121,7095,8790
2026-06-01 18:25,8423,6962,9428
2026-06-01 18:30,8948,6837,10114
2026-06-01 18:35,8208,7562,9343
2026-06-01 18:40,8896,7579,9946
2026-06-01 18:45,9174,6783,10409
2026-06-01 18:50,8238,7429,10286
2026-06-01 18:55,9198,7535,10057
2026-06-01 19:00,9539,7070,10554
2026-06-01 19:05,9379,7086,10000
2026-06-01 19:10,8975,7092,10622
2026-06-01 19:15,9575,7775,9530
2026-06-01 19:20,9481,8018,10579
2026-06-01 19:25,9809,8108,10632
2026-06-01 19:30,9631,7459,10807
2026-06-01 19:35,9135,7472,10234
2026-06-01 19:40,9193,7276,10040
2026-06-01 19:45,9215,7523,9917
2026-06-01 19:50,9894,8247,10454
2026-06-01 19:55,9933,8353,10070
2026-06-01 20:00,9811,8098,10356
2026-06-01 20:05,10329,8397,10985
2026-06-01 20:10,9897,8487,10323
2026-06-01 20:15,10437,8193,10777
2026-06-01 20:20,9647,8269,10534
2026-06-01 20:25,10511,8172,11858
2026-06-01 20:30,10762,8677,10691
2026-06-01 20:35,9825,8544,12092
2026-06-01 20:40,10439,8284,11961
2026-06-01 20:45,10276,8613,11471
2026-06-01 20:50,11056,8699,10985
2026-06-01 20:55,10679,8505,11159
2026-06-01 21:00,10534,8395,12522
2026-06-01 21:05,10058,8676,10891
2026-06-01 21:10,10113,8745,11622
2026-06-01 21:15,10564,8594,11730
2026-06-01 21:20,9909,8950,11708
2026-06-01 21:25,9516,8785,10860
2026-06-01 21:30,10001,8508,11940
2026-06-01 21:35,9589,8041,11258
2026-06-01 21:40,10237,8179,11481
2026-06-01 21:45,10596,7669,10932
2026-06-01 21:50,10250,8462,11707
2026-06-01 21:55,9556,7770,11185
2026-06-01 22:00,10158,8332,10908
2026-06-01 22:05,9144,8165,10411
2026-06-01 22:10,8942,7338,10467
2026-06-01 22:15,9344,7883,10551
2026-06-01 22:20,9462,7924,10089
2026-06-01 22:25,9774,7909,10942
2026-06-01 22:30,9398,7714,10902
2026-06-01 22:35,9457,7368,10867
2026-06-01 22:40,8789,7326,10735
2026-06-01 22:45,9063,7146,10763
2026-06-01 22:50,9179,6956,9903
2026-06-01 22:55,8796,7178,10364
2026-06-01 23:00,8591,6925,10482
2026-06-01 23:05,8960,7278,10445
2026-06-01 23:10,9029,7607,9612
2026-06-01 23:15,8502,7030,9730
2026-06-01 23:20,8774,6847,9791
2026-06-01 23:25,9148,7345,8964
2026-06-01 23:30,8528,7176,8966
2026-06-01 23:35,9080,7277,9573
2026-06-01 23:40,8455,7079,9289
2026-06-01 23:45,8465,6903,9159
2026-06-01 23:50,8280,6425,9438
2026-06-01 23:55,7951,6575,8778
2026-06-02 00:00,4582,3622,5003
2026-06-02 00:05,4434,3690,4851
2026-06-02 00:10,4278,3782,5103
2026-06-02 00:15,4212,3463,4845
2026-06-02 00:20,4609,3549,4758
2026-06-02 00:25,4384,3646,5036
2026-06-02 00:30,4315,3595,5283
2026-06-02 00:35,4587,3502,4953
2026-06-02 00:40,4211,3891,4782
2026-06-02 00:45,4691,3501,4757
2026-06-02 00:50,4329,3557,4840
2026-06-02 00:55,4361,3599,4679
2026-06-02 01:00,4506,3744,4756
2026-06-02 01:05,4201,3408,4728
2026-06-02 01:10,4437,3709,5252
2026-06-02 01:15,4625,3471,4780
2026-06-02 01:20,4238,3426,4621
2026-06-02 01:25,4453,3878,5278
2026-06-02 01:30,4132,3518,4845
2026-06-02 01:35,4649,3442,4906
2026-06-02 01:40,4658,3790,4726
2026-06-02 01:45,4438,3738,4688
2026-06-02 01:50,4651,3736,4855
2026-06-02 01:55,4324,3436,5227
2026-06-02 02:00,4236,3690,5085
2026-06-02 02:05,4491,3797,4791
2026-06-02 02:10,4530,3499,5092
2026-06-02 02:15,4584,3628,5106
2026-06-02 02:20,4536,3398,4748
2026-06-02 02:25,4247,3743,5176
2026-06-02 02:30,4260,3862,4737
2026-06-02 02:35,4383,3824,4797
2026-06-02 02:40,4649,3413,4803
2026-06-02 02:45,4638,3725,4686
2026-06-02 02:50,4421,3660,4621
2026-06-02 02:55,4695,3403,5244
2026-06-02 03:00,4548,3726,4858
2026-06-02 03:05,4269,3642,5261
2026-06-02 03:10,4176,3634,5020
2026-06-02 03:15,4719,3750,5258
2026-06-02 03:20,4551,3613,5250
2026-06-02 03:25,4142,3772,4611
2026-06-02 03:30,4172,3416,4913
2026-06-02 03:35,4611,3796,5032
2026-06-02 03:40,4346,3540,4916
2026-06-02 03:45,4321,3653,5049
2026-06-02 03:50,4174,3865,4692
2026-06-02 03:55,4658,3398,4604
2026-06-02 04:00,4712,3558,4872
2026-06-02 04:05,4594,3432,5022
2026-06-02 04:10,4655,3637,4618
2026-06-02 04:15,4211,3838,4738
2026-06-02 04:20,4555,3717,5138
2026-06-02 04:25,4517,3665,5157
2026-06-02 04:30,4564,3507,4652
2026-06-02 04:35,4481,3684,5062
2026-06-02 04:40,4298,3894,5015
2026-06-02 04:45,4377,3477,4729
2026-06-02 04:50,4286,3740,4887
2026-06-02 04:55,4620,3553,5184
2026-06-02 05:00,4718,3732,5152
2026-06-02 05:05,4297,3625,4867
2026-06-02 05:10,4366,3887,4832
2026-06-02 05:15,4715,3764,4787
2026-06-02 05:20,4385,3610,4919
2026-06-02 05:25,4704,3715,4945
2026-06-02 05:30,4478,3565,4691
2026-06-02 05:35,4358,3803,5152
2026-06-02 05:40,4138,3716,5132
2026-06-02 05:45,4508,3878,4814
2026-06-02 05:50,4220,3595,4618
2026-06-02 05:55,4648,3617,5060
2026-06-02 06:00,4428,3659,4862
2026-06-02 06:05,4603,3835,5288
2026-06-02 06:10,4468,3628,4995
2026-06-02 06:15,4711,3560,4612
2026-06-02 06:20,4429,3829,4701
2026-06-02 06:25,4331,3711,5038
2026-06-02 06:30,4322,3776,5173
2026-06-02 06:35,4553,3836,4695
2026-06-02 06:40,4373,3600,4802
2026-06-02 06:45,4380,3866,5116
2026-06-02 06:50,4234,3744,5052
2026-06-02 06:55,4272,3566,4692
2026-06-02 07:00,4397,3767,4844
2026-06-02 07:05,4310,3515,5276
2026-06-02 07:10,4272,3616,4761
2026-06-02 07:15,4421,3789,5203
2026-06-02 07:20,4476,3865,4801
2026-06-02 07:25,4544,3578,4782
2026-06-02 07:30,4363,3496,5035
2026-06-02 07:35,4218,3753,5110
2026-06-02 07:40,4130,3584,5053
2026-06-02 07:45,4517,3707,4611
2026-06-02 07:50,4579,3460,4614
2026-06-02 07:55,4583,3612,4736
2026-06-02 08:00,4204,3584,5059
2026-06-02 08:05,4138,3655,4915
2026-06-02 08:10,4657,3608,4715
2026-06-02 08:15,4484,3437,4667
2026-06-02 08:20,4673,3678,4845
2026-06-02 08:25,4249,3464,4889
2026-06-02 08:30,4377,3872,4927
2026-06-02 08:35,4358,3645,4808
2026-06-02 08:40,4428,3590,4742
2026-06-02 08:45,4348,3786,4661
2026-06-02 08:50,4493,3864,5008
2026-06-02 08:55,4400,3833,5104
2026-06-02 09:00,4326,3391,5235
2026-06-02 09:05,4395,3554,4605
2026-06-02 09:10,4252,3765,5019
2026-06-02 09:15,4214,3777,5145
2026-06-02 09:20,4174,3705,4833
2026-06-02 09:25,4352,3537,4972
2026-06-02 09:30,4172,3880,4703
2026-06-02 09:35,4731,3406,4888
2026-06-02 09:40,4293,3902,4847
2026-06-02 09:45,4751,3592,4695
2026-06-02 09:50,4372,3440,4963
2026-06-02 09:55,4247,3527,4733
2026-06-02 10:00,4357,3933,5018
2026-06-02 10:05,4561,3858,4956
2026-06-02 10:10,4592,3447,5038
2026-06-02 10:15,4715,3636,4766
2026-06-02 10:20,4783,3870,4921
2026-06-02 10:25,4290,3672,5053
2026-06-02 10:30,4398,3932,5129
2026-06-02 10:35,4764,3774,5417
2026-06-02 10:40,4671,3775,5114
2026-06-02 10:45,4832,3855,5183
2026-06-02 10:50,4406,4009,5289
2026-06-02 10:55,4956,3772,4972
2026-06-02 11:00,4370,3749,5210
2026-06-02 11:05,4518,3978,5007
2026-06-02 11:10,4980,3686,5024
2026-06-02 11:15,4475,4050,5565
2026-06-02 11:20,4877,3770,5560
2026-06-02 11:25,4907,3796,5636
2026-06-02 11:30,4975,3825,5390
2026-06-02 11:35,4493,3756,5075
2026-06-02 11:40,5065,3967,5498
2026-06-02 11:45,5160,3896,5175
2026-06-02 11:50,4741,4284,5344
2026-06-02 11:55,4616,3816,5419
2026-06-02 12:00,5228,3927,5757
2026-06-02 12:05,4891,4382,5657
2026-06-02 12:10,4833,4031,5632
2026-06-02 12:15,4976,4128,6000
2026-06-02 12:20,4748,4098,5869
2026-06-02 12:25,5394,4427,5612
2026-06-02 12:30,5038,4463,5804
2026-06-02 12:35,5502,4033,6001
2026-06-02 12:40,5370,4582,5612
2026-06-02 12:45,5310,4524,5815
2026-06-02 12:50,4992,4452,5614
2026-06-02 12:55,5055,4670,5900
2026-06-02 13:00,5682,4668,5671
2026-06-02 13:05,5173,4587,5733
2026-06-02 13:10,5107,4200,6359
2026-06-02 13:15,5745,4716,5986
2026-06-02 13:20,5280,4534,5724
2026-06-02 13:25,5294,4807,6590
2026-06-02 13:30,5457,4399,6306
2026-06-02 13:35,5912,4649,6279
2026-06-02 13:40,5762,4777,6113
2026-06-02 13:45,5536,4654,6309
2026-06-02 13:50,6101,4500,5955
2026-06-02 13:55,5792,5049,6825
2026-06-02 14:00,5502,5100,6839
2026-06-02 14:05,5637,4629,6240
2026-06-02 14:10,5858,4872,6296
2026-06-02 14:15,5911,4888,6288
2026-06-02 14:20,6080,4645,6617
2026-06-02 14:25,5738,4692,6770
2026-06-02 14:30,6300,4990,6403
2026-06-02 14:35,5810,5267,6857
2026-06-02 14:40,5935,4965,6506
2026-06-02 14:45,6239,4731,7170
2026-06-02 14:50,5951,5012,7398
2026-06-02 14:55,5874,5041,7121
2026-06-02 15:00,6421,5432,7358
2026-06-02 15:05,6312,5434,6838
2026-06-02 15:10,6654,5512,6664
2026-06-02 15:15,6686,5197,6817
2026-06-02 15:20,6167,5171,7571
2026-06-02 15:25,6868,5482,7158
2026-06-02 15:30,6378,5203,6922
2026-06-02 15:35,6594,5577,7735
2026-06-02 15:40,6921,5796,7542
2026-06-02 15:45,6961,5639,7684
2026-06-02 15:50,7040,5269,7084
2026-06-02 15:55,6558,5547,7574
2026-06-02 16:00,6466,5792,7827
2026-06-02 16:05,6781,6022,7494
2026-06-02 16:10,6820,6138,7532
2026-06-02 16:15,6737,5432,7720
2026-06-02 16:20,7173,5725,7988
2026-06-02 16:25,7281,5923,8530
2026-06-02 16:30,7438,5568,8498
2026-06-02 16:35,7461,6189,8500
2026-06-02 16:40,7653,5788,8042
2026-06-02 16:45,7510,6069,8521
2026-06-02 16:50,7335,6265,8126
2026-06-02 16:55,7288,6258,8273
2026-06-02 17:00,7370,6132,8259
2026-06-02 17:05,7385,6126,8532
2026-06-02 17:10,7237,6166,8704
2026-06-02 17:15,7535,6581,8325
2026-06-02 17:20,7691,6329,8440
2026-06-02 17:25,7790,6776,9228
2026-06-02 17:30,7425,6736,8930
2026-06-02 17:35,7905,6241,8548
2026-06-02 17:40,7896,6223,9364
2026-06-02 17:45,8458,7044,8431
2026-06-02 17:50,7695,7086,9126
2026-06-02 17:55,7864,6912,9213
2026-06-02 18:00,8454,7109,8824
2026-06-02 18:05,8005,6952,9825
2026-06-02 18:10,8354,6953,9285
2026-06-02 18:15,7815,7277,9402
2026-06-02 18:20,8078,6544,9348
2026-06-02 18:25,8871,7323,9908
2026-06-02 18:30,9107,7206,9262
2026-06-02 18:35,8256,7167,9602
2026-06-02 18:40,8334,7600,9111
2026-06-02 18:45,8365,6891,9788
2026-06-02 18:50,9075,6964,9442
2026-06-02 18:55,9138,7716,9887
2026-06-02 19:00,9437,7455,9954
2026-06-02 19:05,8703,7130,9871
2026-06-02 19:10,9585,7631,10477
2026-06-02 19:15,9612,7876,9937
2026-06-02 19:20,8777,7057,10505
2026-06-02 19:25,8808,7917,10821
2026-06-02 19:30,8872,8029,10144
2026-06-02 19:35,9403,8101,9806
2026-06-02 19:40,9084,7513,11052
2026-06-02 19:45,10043,7780,10056
2026-06-02 19:50,10015,7664,10869
2026-06-02 19:55,10269,8237,10980
2026-06-02 20:00,9861,8016,10909
2026-06-02 20:05,9702,8294,11570
2026-06-02 20:10,9196,7805,11252
2026-06-02 20:15,10390,8246,10961
2026-06-02 20:20,9615,8380,10457
2026-06-02 20:25,9695,8646,11281
2026-06-02 20:30,10265,7955,10631
2026-06-02 20:35,10656,7950,11410
2026-06-02 20:40,10387,8346,11202
2026-06-02 20:45,10432,8595,10897
2026-06-02 20:50,10166,8803,11782
2026-06-02 20:55,10136,8655,11589
2026-06-02 21:00,9920,8256,12253
2026-06-02 21:05,10700,8376,11543
2026-06-02 21:10,9989,8030,11257
2026-06-02 21:15,10118,8388,10891
2026-06-02 21:20,10676,8386,10686
2026-06-02 21:25,10408,7933,11672
2026-06-02 21:30,10043,8367,11087
2026-06-02 21:35,10554,8040,10634
2026-06-02 21:40,10053,8450,10735
2026-06-02 21:45,9950,8417,10483
2026-06-02 21:50,10323,7921,11008
2026-06-02 21:55,9490,8374,11098
2026-06-02 22:00,9592,7819,11272
2026-06-02 22:05,9397,7646,10075
2026-06-02 22:10,10076,8293,11159
2026-06-02 22:15,10164,7756,11230
2026-06-02 22:20,9611,7519,10342
2026-06-02 22:25,9150,7534,10149
2026-06-02 22:30,9112,8139,9761
2026-06-02 22:35,9197,7898,10761
2026-06-02 22:40,8587,7901,10002
2026-06-02 22:45,9300,7607,10661
2026-06-02 22:50,9585,7724,9632
2026-06-02 22:55,8736,7186,9479
2026-06-02 23:00,8618,7057,10646
2026-06-02 23:05,9011,7686,10545
2026-06-02 23:10,9247,7487,9640
2026-06-02 23:15,8520,7114,10247
2026-06-02 23:20,8437,7158,10090
2026-06-02 23:25,8118,7250,8993
2026-06-02 23:30,8263,7216,9803
2026-06-02 23:35,9055,7149,10004
2026-06-02 23:40,8782,6682,10051
2026-06-02 23:45,7827,7130,9240
2026-06-02 23:50,8008,6680,9596
2026-06-02 23:55,8726,6771,9712
2026-06-03 00:00,4322,3829,5252
2026-06-03 00:05,4546,3577,4794
2026-06-03 00:10,4201,3805,5171
2026-06-03 00:15,4254,3464,5231
2026-06-03 00:20,4629,3650,4614
2026-06-03 00:25,4614,3518,4954
2026-06-03 00:30,4232,3826,5025
2026-06-03 00:35,4128,3733,4761
2026-06-03 00:40,4594,3522,4974
2026-06-03 00:45,4519,3572,4684
2026-06-03 00:50,4351,3423,5171
2026-06-03 00:55,4307,3394,4929
2026-06-03 01:00,4387,3730,4917
2026-06-03 01:05,4154,3392,5276
2026-06-03 01:10,4481,3589,4756
2026-06-03 01:15,4557,3806,5020
2026-06-03 01:20,4245,3547,5193
2026-06-03 01:25,4363,3728,4613
2026-06-03 01:30,4479,3837,5199
2026-06-03 01:35,4638,3583,4835
2026-06-03 01:40,4421,3602,5035
2026-06-03 01:45,4365,3862,5275
2026-06-03 01:50,4390,3738,5222
2026-06-03 01:55,4713,3622,4823
2026-06-03 02:00,4123,3414,4944
2026-06-03 02:05,4198,3627,5194
2026-06-03 02:10,4310,3650,5257
2026-06-03 02:15,4399,3802,5263
2026-06-03 02:20,4303,3515,5128
2026-06-03 02:25,4421,3514,4810
2026-06-03 02:30,4522,3572,5069
2026-06-03 02:35,4294,3527,4819
2026-06-03 02:40,4621,3483,4712
2026-06-03 02:45,4174,3737,5205
2026-06-03 02:50,4281,3893,5072
2026-06-03 02:55,4407,3622,5187
2026-06-03 03:00,4485,3761,4725
2026-06-03 03:05,4463,3801,4807
2026-06-03 03:10,4299,3526,4721
2026-06-03 03:15,4324,3519,4614
2026-06-03 03:20,4385,3597,5030
2026-06-03 03:25,4287,3869,4708
2026-06-03 03:30,4414,3434,4919
2026-06-03 03:35,4337,3618,4752
2026-06-03 03:40,4350,3729,4805
2026-06-03 03:45,4287,3449,4881
2026-06-03 03:50,4252,3736,4940
2026-06-03 03:55,4257,3720,5281
2026-06-03 04:00,4432,3624,5023
2026-06-03 04:05,4468,3901,4967
2026-06-03 04:10,4158,3713,5015
2026-06-03 04:15,4378,3719,5158
2026-06-03 04:20,4402,3527,4635
2026-06-03 04:25,4362,3711,4620
2026-06-03 04:30,4694,3691,4794
2026-06-03 04:35,4428,3751,4971
2026-06-03 04:40,4340,3823,5114
2026-06-03 04:45,4732,3591,5005
2026-06-03 04:50,4180,3561,5165
2026-06-03 04:55,4688,3831,4734
2026-06-03 05:00,4305,3732,5233
2026-06-03 05:05,4268,3473,4810
2026-06-03 05:10,4326,3494,4668
2026-06-03 05:15,4272,3844,5143
2026-06-03 05:20,4618,3682,4974
2026-06-03 05:25,4376,3557,4732
2026-06-03 05:30,4131,3662,4873
2026-06-03 05:35,4349,3868,4621
2026-06-03 05:40,4190,3787,4919
2026-06-03 05:45,4497,3711,5145
2026-06-03 05:50,4652,3805,5067
2026-06-03 05:55,4476,3484,5076
2026-06-03 06:00,4456,3779,4684
2026-06-03 06:05,4691,3850,4686
2026-06-03 06:10,4685,3852,4631
2026-06-03 06:15,4305,3656,5186
2026-06-03 06:20,4632,3466,5168
2026-06-03 06:25,4603,3423,5231
2026-06-03 06:30,4319,3447,5099
2026-06-03 06:35,4545,3889,4730
2026-06-03 06:40,4237,3524,5238
2026-06-03 06:45,4620,3884,5171
2026-06-03 06:50,4718,3806,4960
2026-06-03 06:55,4581,3636,5162
2026-06-03 07:00,4139,3516,4728
2026-06-03 07:05,4585,3397,4974
2026-06-03 07:10,4697,3746,5109
2026-06-03 07:15,4229,3630,4630
2026-06-03 07:20,4410,3412,4828
2026-06-03 07:25,4431,3764,4790
2026-06-03 07:30,4586,3660,5064
2026-06-03 07:35,4563,3898,5165
2026-06-03 07:40,4711,3797,5139
2026-06-03 07:45,4626,3487,4871
2026-06-03 07:50,4418,3881,5209
2026-06-03 07:55,4609,3613,5145
2026-06-03 08:00,4544,3682,4760
2026-06-03 08:05,4660,3421,4941
2026-06-03 08:10,4523,3733,4875
2026-06-03 08:15,4283,3558,5131
2026-06-03 08:20,4699,3861,4892
2026-06-03 08:25,4438,3469,4764
2026-06-03 08:30,4172,3702,4835
2026-06-03 08:35,4220,3602,4921
2026-06-03 08:40,4166,3887,4689
2026-06-03 08:45,4479,3898,4668
2026-06-03 08:50,4248,3802,5193
2026-06-03 08:55,4530,3800,5062
2026-06-03 09:00,4615,3519,5172
2026-06-03 09:05,4689,3521,5098
2026-06-03 09:10,4179,3595,5291
2026-06-03 09:15,4508,3510,5170
2026-06-03 09:20,4534,3788,5138
2026-06-03 09:25,4229,3509,4929
2026-06-03 09:30,4127,3537,5082
2026-06-03 09:35,4317,3564,4835
2026-06-03 09:40,4646,3510,5215
2026-06-03 09:45,4618,3495,4968
2026-06-03 09:50,4430,3725,5082
2026-06-03 09:55,4578,3432,5122
2026-06-03 10:00,4302,3698,4692
2026-06-03 10:05,4756,3448,4721
2026-06-03 10:10,4234,3475,4678
2026-06-03 10:15,4789,3695,5039
2026-06-03 10:20,4802,3464,5181
2026-06-03 10:25,4448,3842,5089
2026-06-03 10:30,4773,3889,5422
2026-06-03 10:35,4425,3999,5189
2026-06-03 10:40,4304,4037,5016
2026-06-03 10:45,4477,3745,5317
2026-06-03 10:50,4617,3767,5460
2026-06-03 10:55,4573,3722,5334
2026-06-03 11:00,4887,3707,5487
2026-06-03 11:05,4418,4035,5325
2026-06-03 11:10,4751,3963,5288
2026-06-03 11:15,4540,3808,4979
2026-06-03 11:20,4667,4117,5120
2026-06-03 11:25,5095,4008,5305
2026-06-03 11:30,4911,3970,5709
2026-06-03 11:35,4638,4213,5464
2026-06-03 11:40,4941,4189,5045
2026-06-03 11:45,5160,3784,5331
2026-06-03 11:50,4682,3868,5205
2026-06-03 11:55,5191,4190,5443
2026-06-03 12:00,5254,4018,5665
2026-06-03 12:05,4648,3985,5556
2026-06-03 12:10,4797,4298,5522
2026-06-03 12:15,5343,3955,5661
2026-06-03 12:20,5235,4139,5559
2026-06-03 12:25,4922,4043,5448
2026-06-03 12:30,5244,4393,5372
2026-06-03 12:35,5469,4185,5419
2026-06-03 12:40,5032,4018,6095
2026-06-03 12:45,5341,4100,5535
2026-06-03 12:50,5019,4374,5938
2026-06-03 12:55,5620,4586,5577
2026-06-03 13:00,5365,4435,5885
2026-06-03 13:05,5043,4325,5744
2026-06-03 13:10,5739,4678,5963
2026-06-03 13:15,5290,4747,6183
2026-06-03 13:20,5792,4511,5981
2026-06-03 13:25,5461,4234,5986
2026-06-03 13:30,5240,4509,6409
2026-06-03 13:35,5678,4641,6168
2026-06-03 13:40,5979,4672,6512
2026-06-03 13:45,5718,4959,6240
2026-06-03 13:50,5801,4646,6590
2026-06-03 13:55,5793,4557,6552
2026-06-03 14:00,5955,4665,6100
2026-06-03 14:05,5617,5020,6077
2026-06-03 14:10,5647,5059,6207
2026-06-03 14:15,5832,4642,6975
2026-06-03 14:20,5764,4760,7063
2026-06-03 14:25,6370,5122,6503
2026-06-03 14:30,6172,4689,6811
2026-06-03 14:35,6319,5254,6463
2026-06-03 14:40,5800,5008,6917
2026-06-03 14:45,5763,4921,6824
2026-06-03 14:50,6591,5027,6576
2026-06-03 14:55,6137,4894,7475
2026-06-03 15:00,5936,5237,7106
2026-06-03 15:05,6341,4957,7333
2026-06-03 15:10,6430,5148,7215
2026-06-03 15:15,6615,5303,7616
2026-06-03 15:20,6098,5254,7110
2026-06-03 15:25,6966,5248,7774
2026-06-03 15:30,6345,5506,7032
2026-06-03 15:35,6556,5775,7857
2026-06-03 15:40,6804,5493,7338
2026-06-03 15:45,7135,5684,7705
2026-06-03 15:50,6678,5531,7816
2026-06-03 15:55,6429,5484,7898
2026-06-03 16:00,6536,5633,7788
2026-06-03 16:05,6841,6090,7515
2026-06-03 16:10,6746,6067,8168
2026-06-03 16:15,6993,5844,7948
2026-06-03 16:20,7433,5780,8024
2026-06-03 16:25,7630,5912,8198
2026-06-03 16:30,7331,5543,7516
2026-06-03 16:35,7178,5806,7675
2026-06-03 16:40,7032,6182,8116
2026-06-03 16:45,7652,6188,8589
2026-06-03 16:50,7691,6381,8530
2026-06-03 16:55,7158,6316,8004
2026-06-03 17:00,7753,6268,8358
2026-06-03 17:05,7622,5972,9021
2026-06-03 17:10,7923,6301,9054
2026-06-03 17:15,7412,5915,8624
2026-06-03 17:20,7282,6162,8751
2026-06-03 17:25,8106,6082,9289
2026-06-03 17:30,7380,6180,9291
2026-06-03 17:35,7840,6104,9095
2026-06-03 17:40,7952,6396,9470
2026-06-03 17:45,8278,6596,9346
2026-06-03 17:50,7807,6342,9108
2026-06-03 17:55,8148,6257,8920
2026-06-03 18:00,8492,6779,8720
2026-06-03 18:05,7950,7104,8893
2026-06-03 18:10,8062,6506,9042
2026-06-03 18:15,8574,6908,9381
2026-06-03 18:20,8844,6650,9557
2026-06-03 18:25,8354,7335,9549
2026-06-03 18:30,8247,7385,9691
2026-06-03 18:35,9104,6953,9146
2026-06-03 18:40,8509,7615,10360
2026-06-03 18:45,8604,7575,10020
2026-06-03 18:50,9341,7065,9268
2026-06-03 18:55,8748,7578,9977
2026-06-03 19:00,8837,7339,9619
2026-06-03 19:05,8783,7210,10573
2026-06-03 19:10,8646,7946,10222
2026-06-03 19:15,9652,7468,10872
2026-06-03 19:20,9078,7092,10301
2026-06-03 19:25,9624,8055,10764
2026-06-03 19:30,8995,7833,10134
2026-06-03 19:35,9743,8197,11118
2026-06-03 19:40,9783,8034,10078
2026-06-03 19:45,9551,8168,11108
2026-06-03 19:50,9788,8234,10328
2026-06-03 19:55,10241,7438,10070
2026-06-03 20:00,10203,7580,10741
2026-06-03 20:05,10267,8532,11117
2026-06-03 20:10,9555,7937,10248
2026-06-03 20:15,10336,8240,10374
2026-06-03 20:20,9299,7899,11557
2026-06-03 20:25,9951,7811,11411
2026-06-03 20:30,9689,8406,10564
2026-06-03 20:35,10753,8225,11065
2026-06-03 20:40,9943,8480,11672
2026-06-03 20:45,10167,8145,12244
2026-06-03 20:50,11070,8707,11077
2026-06-03 20:55,10264,8115,11812
2026-06-03 21:00,11221,8455,11701
2026-06-03 21:05,11135,8242,12334
2026-06-03 21:10,10986,8366,12200
2026-06-03 21:15,9704,8056,11673
2026-06-03 21:20,9602,7961,11570
2026-06-03 21:25,10445,8708,11419
2026-06-03 21:30,9573,8118,10520
2026-06-03 21:35,9858,8775,11052
2026-06-03 21:40,9954,8472,11576
2026-06-03 21:45,9954,8302,10339
2026-06-03 21:50,9603,8524,11546
2026-06-03 21:55,9211,8373,11407
2026-06-03 22:00,9694,7798,11612
2026-06-03 22:05,10144,7427,10780
2026-06-03 22:10,9284,7930,11158
2026-06-03 22:15,9067,7516,11168
2026-06-03 22:20,9092,7829,10572
2026-06-03 22:25,8978,7829,10070
2026-06-03 22:30,8685,7675,10026
2026-06-03 22:35,9562,8062,10985
2026-06-03 22:40,9063,7840,9652
2026-06-03 22:45,9325,7157,10500
2026-06-03 22:50,8829,7406,10329
2026-06-03 22:55,9050,7529,10693
2026-06-03 23:00,8337,7000,9733
2026-06-03 23:05,8884,7585,9502
2026-06-03 23:10,8289,7241,9592
2026-06-03 23:15,8409,7142,9165
2026-06-03 23:20,8976,7126,9476
2026-06-03 23:25,8820,6941,9193
2026-06-03 23:30,8372,6717,9331
2026-06-03 23:35,8903,6829,9405
2026-06-03 23:40,8116,6515,9316
2026-06-03 23:45,8129,6764,9195
2026-06-03 23:50,8769,7152,9254
2026-06-03 23:55,7955,6661,9150
2026-06-04 00:00,4139,3687,5219
2026-06-04 00:05,4222,3540,4856
2026-06-04 00:10,4313,3486,4905
2026-06-04 00:15,4447,3829,4890
2026-06-04 00:20,4314,3556,5171
2026-06-04 00:25,4121,3460,4693
2026-06-04 00:30,4318,3738,5031
2026-06-04 00:35,4136,3708,4694
2026-06-04 00:40,4304,3565,4977
2026-06-04 00:45,4241,3774,5022
2026-06-04 00:50,4435,3552,5132
2026-06-04 00:55,4583,3651,4824
2026-06-04 01:00,4254,3546,4932
2026-06-04 01:05,4599,3762,5272
2026-06-04 01:10,4722,3570,5190
2026-06-04 01:15,4362,3571,4900
2026-06-04 01:20,4308,3538,4866
2026-06-04 01:25,4663,3406,5109
2026-06-04 01:30,4528,3840,4952
2026-06-04 01:35,4452,3751,4989
2026-06-04 01:40,4389,3814,4832
2026-06-04 01:45,4600,3621,4669
2026-06-04 01:50,4493,3476,5058
2026-06-04 01:55,4707,3830,5196
2026-06-04 02:00,4728,3409,5253
2026-06-04 02:05,4641,3447,4635
2026-06-04 02:10,4621,3638,4746
2026-06-04 02:15,4425,3798,5248
2026-06-04 02:20,4348,3809,5044
2026-06-04 02:25,4333,3851,5143
2026-06-04 02:30,4523,3555,5154
2026-06-04 02:35,4204,3409,4835
2026-06-04 02:40,4490,3746,5291
2026-06-04 02:45,4543,3604,4667
2026-06-04 02:50,4315,3578,5257
2026-06-04 02:55,4424,3878,5122
2026-06-04 03:00,4158,3474,4878
2026-06-04 03:05,4467,3793,5293
2026-06-04 03:10,4263,3869,5293
2026-06-04 03:15,4667,3702,4792
2026-06-04 03:20,4372,3471,4827
2026-06-04 03:25,4228,3419,4950
2026-06-04 03:30,4561,3436,5049
2026-06-04 03:35,4351,3562,5096
2026-06-04 03:40,4438,3874,5093
2026-06-04 03:45,4365,3741,4617
2026-06-04 03:50,4139,3782,4739
2026-06-04 03:55,4237,3399,5174
2026-06-04 04:00,4708,3489,5111
2026-06-04 04:05,4614,3517,4849
2026-06-04 04:10,4263,3805,5085
2026-06-04 04:15,4307,3760,5000
2026-06-04 04:20,4491,3761,5085
2026-06-04 04:25,4146,3887,5279
2026-06-04 04:30,4631,3436,5191
2026-06-04 04:35,4253,3559,5012
2026-06-04 04:40,4284,3631,5089
2026-06-04 04:45,4382,3756,5101
2026-06-04 04:50,4719,3555,5155
2026-06-04 04:55,4317,3817,4779
2026-06-04 05:00,4546,3462,5152
2026-06-04 05:05,4290,3703,4602
2026-06-04 05:10,4355,3643,5132
2026-06-04 05:15,4683,3860,4822
2026-06-04 05:20,4568,3585,5106
2026-06-04 05:25,4357,3440,4644
2026-06-04 05:30,4265,3751,4966
2026-06-04 05:35,4639,3719,5075
2026-06-04 05:40,4555,3450,5258
2026-06-04 05:45,4317,3401,4752
2026-06-04 05:50,4323,3598,4819
2026-06-04 05:55,4611,3536,4782
2026-06-04 06:00,4340,3842,5255
2026-06-04 06:05,4171,3855,4893
2026-06-04 06:10,4356,3833,5198
2026-06-04 06:15,4609,3510,4885
2026-06-04 06:20,4425,3769,4617
2026-06-04 06:25,4223,3693,4997
2026-06-04 06:30,4473,3434,4798
2026-06-04 06:35,4244,3739,5175
2026-06-04 06:40,4481,3513,5102
2026-06-04 06:45,4412,3530,4872
2026-06-04 06:50,4380,3703,5012
2026-06-04 06:55,4117,3546,5140
2026-06-04 07:00,4372,3583,4726
2026-06-04 07:05,4463,3715,5162
2026-06-04 07:10,4183,3631,4806
2026-06-04 07:15,4155,3738,5274
2026-06-04 07:20,4122,3436,4611
2026-06-04 07:25,4533,3736,5175
2026-06-04 07:30,4247,3726,4729
2026-06-04 07:35,4572,3899,4621
2026-06-04 07:40,4481,3812,5038
2026-06-04 07:45,4551,3796,5278
2026-06-04 07:50,4315,3876,4606
2026-06-04 07:55,4434,3692,5232
2026-06-04 08:00,4681,3495,5019
2026-06-04 08:05,4536,3686,4627
2026-06-04 08:10,4703,3579,5142
2026-06-04 08:15,4628,3476,4607
2026-06-04 08:20,4581,3765,4837
2026-06-04 08:25,4626,3396,4970
2026-06-04 08:30,4668,3837,5277
2026-06-04 08:35,4712,3577,5001
2026-06-04 08:40,4336,3446,5044
2026-06-04 08:45,4634,3695,4662
2026-06-04 08:50,4585,3825,4718
2026-06-04 08:55,4417,3475,4633
2026-06-04 09:00,4158,3809,4627
2026-06-04 09:05,4734,3573,4973
2026-06-04 09:10,4232,3653,5275
2026-06-04 09:15,4265,3794,4845
2026-06-04 09:20,4351,3675,5072
2026-06-04 09:25,4199,3393,4746
2026-06-04 09:30,4673,3696,4755
2026-06-04 09:35,4461,3500,5121
2026-06-04 09:40,4172,3550,4917
2026-06-04 09:45,4724,3549,4811
2026-06-04 09:50,4296,3571,5276
2026-06-04 09:55,4323,3618,5319
2026-06-04 10:00,4755,3426,4934
2026-06-04 10:05,4527,3841,4745
2026-06-04 10:10,4398,3916,5352
2026-06-04 10:15,4209,3941,4854
2026-06-04 10:20,4452,3508,4973
2026-06-04 10:25,4335,3586,4926
2026-06-04 10:30,4284,3625,4849
2026-06-04 10:35,4433,3966,4794
2026-06-04 10:40,4431,3551,5180
2026-06-04 10:45,4443,3783,5233
2026-06-04 10:50,4734,4012,5185
2026-06-04 10:55,4963,3566,4901
2026-06-04 11:00,4588,3618,4994
2026-06-04 11:05,4768,4031,5163
2026-06-04 11:10,4510,4132,5371
2026-06-04 11:15,4638,3849,5112
2026-06-04 11:20,4640,3939,5598
2026-06-04 11:25,5028,3701,5008
2026-06-04 11:30,5103,3919,5704
2026-06-04 11:35,4641,4077,5361
2026-06-04 11:40,4601,3798,5107
2026-06-04 11:45,4535,4261,5327
2026-06-04 11:50,5243,4231,5782
2026-06-04 11:55,4674,4072,5190
2026-06-04 12:00,4817,4116,5772
2026-06-04 12:05,5223,3955,5654
2026-06-04 12:10,5024,4106,5926
2026-06-04 12:15,5332,4147,5411
2026-06-04 12:20,5261,4315,5493
2026-06-04 12:25,5145,4240,5488
2026-06-04 12:30,5498,4372,5658
2026-06-04 12:35,5159,4083,5846
2026-06-04 12:40,5406,4250,6167
2026-06-04 12:45,5000,4152,6177
2026-06-04 12:50,5273,4065,5657
2026-06-04 12:55,5070,4084,6014
2026-06-04 13:00,5279,4589,6032
2026-06-04 13:05,5442,4238,5665
2026-06-04 13:10,5251,4735,5992
2026-06-04 13:15,5799,4547,6043
2026-06-04 13:20,5586,4293,5745
2026-06-04 13:25,5670,4791,5836
2026-06-04 13:30,5425,4759,5895
2026-06-04 13:35,5655,4901,6414
2026-06-04 13:40,5398,4445,5974
2026-06-04 13:45,5334,4699,6735
2026-06-04 13:50,5685,4808,5941
2026-06-04 13:55,5810,4509,6606
2026-06-04 14:00,5506,4972,6545
2026-06-04 14:05,5747,4752,6426
2026-06-04 14:10,6264,5057,6631
2026-06-04 14:15,6260,4536,6893
2026-06-04 14:20,6285,4704,7039
2026-06-04 14:25,5769,5150,6377
2026-06-04 14:30,5979,5182,6637
2026-06-04 14:35,5732,4858,6830
2026-06-04 14:40,5929,4891,7231
2026-06-04 14:45,6342,5376,6594
2026-06-04 14:50,6517,5300,7187
2026-06-04 14:55,6564,5157,6810
2026-06-04 15:00,6714,4871,7405
2026-06-04 15:05,5988,5416,7135
2026-06-04 15:10,6373,5393,7538
2026-06-04 15:15,6546,5391,6963
2026-06-04 15:20,6613,5244,7314
2026-06-04 15:25,6160,5676,7125
2026-06-04 15:30,6257,5582,7364
2026-06-04 15:35,6975,5401,7409
2026-06-04 15:40,6332,5146,7354
2026-06-04 15:45,6598,5905,7406
2026-06-04 15:50,6883,5877,7447
2026-06-04 15:55,6630,5247,7264
2026-06-04 16:00,6929,5825,7857
2026-06-04 16:05,7285,5391,7886
2026-06-04 16:10,6572,5977,7397
2026-06-04 16:15,6939,5779,8142
2026-06-04 16:20,7069,5922,7914
2026-06-04 16:25,6716,6145,8213
2026-06-04 16:30,7119,6029,7671
2026-06-04 16:35,7171,5774,8266
2026-06-04 16:40,7021,6296,8215
2026-06-04 16:45,7649,6071,8427
2026-06-04 16:50,7885,6337,7855
2026-06-04 16:55,7294,6484,7957
2026-06-04 17:00,7939,6092,8061
2026-06-04 17:05,7493,5973,8922
2026-06-04 17:10,7190,6685,9069
2026-06-04 17:15,7860,6540,8062
2026-06-04 17:20,7749,6492,8166
2026-06-04 17:25,8044,6171,9248
2026-06-04 17:30,7366,6738,8940
2026-06-04 17:35,7767,6451,9149
2026-06-04 17:40,7814,6401,8950
2026-06-04 17:45,7957,6920,8665
2026-06-04 17:50,8093,6893,8399
2026-06-04 17:55,7836,6628,8554
2026-06-04 18:00,8221,7177,8834
2026-06-04 18:05,7714,7248,9661
2026-06-04 18:10,8800,6847,8782
2026-06-04 18:15,7794,6742,9456
2026-06-04 18:20,7978,6858,9825
2026-06-04 18:25,8479,7137,9970
2026-06-04 18:30,8202,6681,10125
2026-06-04 18:35,8504,6663,9475
2026-06-04 18:40,8716,6975,9174
2026-06-04 18:45,8415,7473,9930
2026-06-04 18:50,8987,7551,9729
2026-06-04 18:55,8309,7127,10421
2026-06-04 19:00,9314,7542,10652
2026-06-04 19:05,8538,6997,9805
2026-06-04 19:10,8751,7845,10410
2026-06-04 19:15,9232,7581,10680
2026-06-04 19:20,9267,7505,10397
2026-06-04 19:25,9300,7631,10766
2026-06-04 19:30,9115,7710,10580
2026-06-04 19:35,9887,7227,10810
2026-06-04 19:40,9742,7925,11180
2026-06-04 19:45,9481,7953,10689
2026-06-04 19:50,9684,8424,10962
2026-06-04 19:55,9947,8387,10035
2026-06-04 20:00,10047,7499,11357
2026-06-04 20:05,10138,7863,10723
2026-06-04 20:10,10150,8554,10290
2026-06-04 20:15,10204,7724,11130
2026-06-04 20:20,9686,7769,11103
2026-06-04 20:25,9927,8252,12011
2026-06-04 20:30,10311,8060,11326
2026-06-04 20:35,10328,8962,11125
2026-06-04 20:40,10438,8454,11941
2026-06-04 20:45,9941,7962,11391
2026-06-04 20:50,10792,8672,11033
2026-06-04 20:55,10552,9059,11387
2026-06-04 21:00,9959,8200,11491
2026-06-04 21:05,10485,8366,11861
2026-06-04 21:10,10119,8913,12278
2026-06-04 21:15,10932,8419,11185
2026-06-04 21:20,9982,8607,11086
2026-06-04 21:25,9765,7937,11687
2026-06-04 21:30,9951,8261,10791
2026-06-04 21:35,9503,8836,11323
2026-06-04 21:40,10537,8033,11846
2026-06-04 21:45,9682,7716,11246
2026-06-04 21:50,10300,8644,11682
2026-06-04 21:55,9160,8184,11218
2026-06-04 22:00,9767,7771,10530
2026-06-04 22:05,9339,7487,11136
2026-06-04 22:10,9821,7656,10721
2026-06-04 22:15,9262,7307,11139
2026-06-04 22:20,8991,7379,11032
2026-06-04 22:25,9773,7481,10995
2026-06-04 22:30,9130,7463,9767
2026-06-04 22:35,8830,7707,10683
2026-06-04 22:40,8671,7677,10546
2026-06-04 22:45,9342,7834,10793
2026-06-04 22:50,8855,7836,9998
2026-06-04 22:55,9250,7234,10279
2026-06-04 23:00,8708,7835,9631
2026-06-04 23:05,8941,7704,9835
2026-06-04 23:10,8486,7203,9933
2026-06-04 23:15,8321,6865,9581
2026-06-04 23:20,8857,6831,9138
2026-06-04 23:25,8982,7029,9584
2026-06-04 23:30,8594,7233,9566
2026-06-04 23:35,9006,7437,9535
2026-06-04 23:40,8668,7026,10016
2026-06-04 23:45,7797,7079,9563
2026-06-04 23:50,8340,7023,8742
2026-06-04 23:55,8274,6685,9032
2026-06-05 00:00,4557,3714,5156
2026-06-05 00:05,4444,3846,5289
2026-06-05 00:10,4417,3758,4831
2026-06-05 00:15,4348,3798,4928
2026-06-05 00:20,4697,3601,4826
2026-06-05 00:25,4387,3600,4664
2026-06-05 00:30,4473,3783,5160
2026-06-05 00:35,4729,3644,5196
2026-06-05 00:40,4680,3720,4901
2026-06-05 00:45,4583,3472,5092
2026-06-05 00:50,4386,3418,4683
2026-06-05 00:55,4479,3591,4702
2026-06-05 01:00,4475,3848,4754
2026-06-05 01:05,4212,3488,4705
2026-06-05 01:10,4148,3677,4967
2026-06-05 01:15,4500,3656,4818
2026-06-05 01:20,4213,3834,4759
2026-06-05 01:25,4166,3623,4939
2026-06-05 01:30,4288,3894,5289
2026-06-05 01:35,4325,3831,4922
2026-06-05 01:40,4504,3498,4893
2026-06-05 01:45,4416,3794,4981
2026-06-05 01:50,4315,3729,4628
2026-06-05 01:55,4667,3696,5236
2026-06-05 02:00,4305,3712,4823
2026-06-05 02:05,4550,3884,4855
2026-06-05 02:10,4583,3900,4606
2026-06-05 02:15,4138,3853,5023
2026-06-05 02:20,4709,3609,5193
2026-06-05 02:25,4411,3580,5107
2026-06-05 02:30,4387,3546,4988
2026-06-05 02:35,4481,3396,5093
2026-06-05 02:40,4299,3820,5240
2026-06-05 02:45,4188,3470,4904
2026-06-05 02:50,4565,3489,4846
2026-06-05 02:55,4135,3788,4647
2026-06-05 03:00,4637,3882,4796
2026-06-05 03:05,4423,3829,4647
2026-06-05 03:10,4283,3822,5036
2026-06-05 03:15,4379,3776,5251
2026-06-05 03:20,4611,3420,4642
2026-06-05 03:25,4624,3548,4741
2026-06-05 03:30,4396,3703,5255
2026-06-05 03:35,4368,3651,5026
2026-06-05 03:40,4669,3410,4793
2026-06-05 03:45,4217,3786,5108
2026-06-05 03:50,4128,3466,4898
2026-06-05 03:55,4370,3651,4950
2026-06-05 04:00,4433,3715,4706
2026-06-05 04:05,4414,3604,4784
2026-06-05 04:10,4184,3769,4835
2026-06-05 04:15,4268,3391,4710
2026-06-05 04:20,4391,3647,5068
2026-06-05 04:25,4135,3567,4811
2026-06-05 04:30,4547,3449,5286
2026-06-05 04:35,4676,3828,4765
2026-06-05 04:40,4530,3751,4846
2026-06-05 04:45,4451,3853,5043
2026-06-05 04:50,4556,3395,5161
2026-06-05 04:55,4548,3410,4642
2026-06-05 05:00,4557,3675,4826
2026-06-05 05:05,4688,3682,5116
2026-06-05 05:10,4703,3411,4651
2026-06-05 05:15,4468,3711,5159
2026-06-05 05:20,4295,3738,4814
2026-06-05 05:25,4483,3708,4887
2026-06-05 05:30,4683,3456,5126
2026-06-05 05:35,4455,3670,4693
2026-06-05 05:40,4321,3868,4658
2026-06-05 05:45,4606,3772,5141
2026-06-05 05:50,4690,3459,4868
2026-06-05 05:55,4120,3600,5046
2026-06-05 06:00,4320,3733,5080
2026-06-05 06:05,4269,3537,5192
2026-06-05 06:10,4256,3490,4945
2026-06-05 06:15,4146,3730,4902
2026-06-05 06:20,4294,3759,4865
2026-06-05 06:25,4699,3750,4840
2026-06-05 06:30,4168,3605,5231
2026-06-05 06:35,4635,3528,4639
2026-06-05 06:40,4144,3821,5045
2026-06-05 06:45,4701,3724,5023
2026-06-05 06:50,4288,3606,4809
2026-06-05 06:55,4205,3754,4675
2026-06-05 07:00,4312,3707,4791
2026-06-05 07:05,4697,3659,4707
2026-06-05 07:10,4367,3447,5001
2026-06-05 07:15,4490,3806,5212
2026-06-05 07:20,4712,3856,5009
2026-06-05 07:25,4562,3720,5082
2026-06-05 07:30,4318,3789,4634
2026-06-05 07:35,4447,3889,5177
2026-06-05 07:40,4690,3451,5247
2026-06-05 07:45,4197,3518,5092
2026-06-05 07:50,4193,3722,4888
2026-06-05 07:55,4232,3796,5135
2026-06-05 08:00,4435,3533,5001
2026-06-05 08:05,4417,3574,5120
2026-06-05 08:10,4384,3704,4883
2026-06-05 08:15,4338,3809,4644
2026-06-05 08:20,4712,3776,4679
2026-06-05 08:25,4388,3450,5193
2026-06-05 08:30,4480,3493,4619
2026-06-05 08:35,4644,3635,5248
2026-06-05 08:40,4257,3750,4821
2026-06-05 08:45,4415,3624,4870
2026-06-05 08:50,4707,3620,4731
2026-06-05 08:55,4379,3397,4986
2026-06-05 09:00,4723,3648,5182
2026-06-05 09:05,4381,3527,5163
2026-06-05 09:10,4651,3642,5090
2026-06-05 09:15,4600,3496,4915
2026-06-05 09:20,4386,3536,5142
2026-06-05 09:25,4137,3501,4913
2026-06-05 09:30,4386,3586,4630
2026-06-05 09:35,4279,3685,4661
2026-06-05 09:40,4449,3559,5030
2026-06-05 09:45,4567,3777,4656
2026-06-05 09:50,4476,3894,4790
2026-06-05 09:55,4605,3869,5238
2026-06-05 10:00,4682,3483,4905
2026-06-05 10:05,4574,3603,5289
2026-06-05 10:10,4761,3731,5294
2026-06-05 10:15,4409,3895,4721
2026-06-05 10:20,4368,3808,5273
2026-06-05 10:25,4267,3625,5123
2026-06-05 10:30,4698,3616,5278
2026-06-05 10:35,4581,3746,5333
2026-06-05 10:40,4653,3561,5035
2026-06-05 10:45,4653,3791,5349
2026-06-05 10:50,4514,3829,5414
2026-06-05 10:55,4358,3964,4994
2026-06-05 11:00,4742,3673,5014
2026-06-05 11:05,4438,3885,5050
2026-06-05 11:10,4402,3620,5293
2026-06-05 11:15,4761,3738,5326
2026-06-05 11:20,5030,4169,5062
2026-06-05 11:25,5105,3921,5148
2026-06-05 11:30,5060,3685,5183
2026-06-05 11:35,5034,3967,5516
2026-06-05 11:40,4639,3784,5672
2026-06-05 11:45,5005,3886,5177
2026-06-05 11:50,5207,4261,5765
2026-06-05 11:55,4853,3908,5730
2026-06-05 12:00,4977,4214,5249
2026-06-05 12:05,4941,4167,5257
2026-06-05 12:10,4994,4172,5654
2026-06-05 12:15,5257,3902,5403
2026-06-05 12:20,5269,4358,5559
2026-06-05 12:25,4873,4421,5700
2026-06-05 12:30,5252,4253,5782
2026-06-05 12:35,5281,4375,5885
2026-06-05 12:40,5517,4414,5668
2026-06-05 12:45,4981,4212,5876
2026-06-05 12:50,4955,4253,6231
2026-06-05 12:55,5392,4067,5689
2026-06-05 13:00,5646,4115,6088
2026-06-05 13:05,5492,4585,6338
2026-06-05 13:10,5662,4563,5927
2026-06-05 13:15,5290,4721,5702
2026-06-05 13:20,5767,4418,6252
2026-06-05 13:25,5565,4683,6280
2026-06-05 13:30,5448,4474,5840
2026-06-05 13:35,5518,4833,5979
2026-06-05 13:40,5671,4315,5942
2026-06-05 13:45,5929,4731,5961
2026-06-05 13:50,5972,4395,6749
2026-06-05 13:55,5432,5055,6707
2026-06-05 14:00,5743,4761,6744
2026-06-05 14:05,5980,4595,6600
2026-06-05 14:10,5632,4595,6361
2026-06-05 14:15,6306,4948,6625
2026-06-05 14:20,5787,4992,7028
2026-06-05 14:25,6374,4703,6554
2026-06-05 14:30,5844,4746,6535
2026-06-05 14:35,6256,4911,6810
2026-06-05 14:40,6422,5283,7011
2026-06-05 14:45,6009,5366,6709
2026-06-05 14:50,6090,5340,7029
2026-06-05 14:55,6028,5275,6841
2026-06-05 15:00,6263,5030,6839
2026-06-05 15:05,6618,5578,7568
2026-06-05 15:10,6748,5220,7347
2026-06-05 15:15,6813,4968,6758
2026-06-05 15:20,6366,5091,7308
2026-06-05 15:25,6935,5209,7272
2026-06-05 15:30,6460,5664,7066
2026-06-05 15:35,7025,5473,7836
2026-06-05 15:40,6803,5418,7708
2026-06-05 15:45,7039,5737,7035
2026-06-05 15:50,6474,5519,7379
2026-06-05 15:55,6464,5553,7574
2026-06-05 16:00,7299,5897,7745
2026-06-05 16:05,7165,5857,7259
2026-06-05 16:10,7167,5830,7731
2026-06-05 16:15,6789,6002,7885
2026-06-05 16:20,7345,6158,8079
2026-06-05 16:25,7623,6269,7605
2026-06-05 16:30,7207,5962,8492
2026-06-05 16:35,7070,5705,7995
2026-06-05 16:40,7070,6024,8077
2026-06-05 16:45,7820,5985,8090
2026-06-05 16:50,7072,6454,8136
2026-06-05 16:55,7540,5771,7790
2026-06-05 17:00,7354,6047,8338
2026-06-05 17:05,8018,6381,8793
2026-06-05 17:10,7660,6510,9071
2026-06-05 17:15,7728,6175,8566
2026-06-05 17:20,7421,6771,9060
2026-06-05 17:25,7883,6340,9239
2026-06-05 17:30,7948,6844,8224
2026-06-05 17:35,7763,6649,8620
2026-06-05 17:40,7770,6305,9009
2026-06-05 17:45,8014,6280,9443
2026-06-05 17:50,8273,6235,8651
2026-06-05 17:55,8688,6368,9371
2026-06-05 18:00,8020,6534,9396
2026-06-05 18:05,7891,7128,8767
2026-06-05 18:10,8676,7104,9861
2026-06-05 18:15,7815,7197,9147
2026-06-05 18:20,8709,7046,9639
2026-06-05 18:25,8856,6991,9139
2026-06-05 18:30,9113,7490,8970
2026-06-05 18:35,8690,6759,9022
2026-06-05 18:40,9128,7479,10210
2026-06-05 18:45,9023,7194,10160
2026-06-05 18:50,8904,7074,9355
2026-06-05 18:55,8735,7763,10009
2026-06-05 19:00,8593,7828,10474
2026-06-05 19:05,9455,7772,10186
2026-06-05 19:10,9422,7370,10281
2026-06-05 19:15,9299,7992,10769
2026-06-05 19:20,8567,7167,9998
2026-06-05 19:25,8818,8068,10765
2026-06-05 19:30,8895,7171,10852
2026-06-05 19:35,8933,7665,10637
2026-06-05 19:40,8801,7872,10602
2026-06-05 19:45,9242,8113,10766
2026-06-05 19:50,9855,8008,10203
2026-06-05 19:55,10071,8241,11480
2026-06-05 20:00,9152,8080,10958
2026-06-05 20:05,10277,8159,10699
2026-06-05 20:10,9812,8077,10341
2026-06-05 20:15,10220,7727,10778
2026-06-05 20:20,9520,7827,11192
2026-06-05 20:25,9448,8295,10763
2026-06-05 20:30,10732,8023,10669
2026-06-05 20:35,10471,8001,11520
2026-06-05 20:40,9580,8035,11271
2026-06-05 20:45,10004,8370,11193
2026-06-05 20:50,10957,8172,11265
2026-06-05 20:55,10585,8335,10885
2026-06-05 21:00,10110,8611,11844
2026-06-05 21:05,11098,8930,11929
2026-06-05 21:10,10005,8002,12334
2026-06-05 21:15,9640,8576,12217
2026-06-05 21:20,10956,8235,11182
2026-06-05 21:25,10623,8077,10696
2026-06-05 21:30,9587,8041,11824
2026-06-05 21:35,9877,8054,11177
2026-06-05 21:40,10381,7720,11644
2026-06-05 21:45,10280,7619,11121
2026-06-05 21:50,9483,7614,10738
2026-06-05 21:55,10299,8373,10675
2026-06-05 22:00,9895,8280,11110
2026-06-05 22:05,10306,8341,11449
2026-06-05 22:10,10218,7559,9962
2026-06-05 22:15,9250,7381,10973
2026-06-05 22:20,9117,7958,10547
2026-06-05 22:25,9215,7713,9784
2026-06-05 22:30,9042,7827,10494
2026-06-05 22:35,9204,7541,9634
2026-06-05 22:40,9627,7370,10297
2026-06-05 22:45,9336,8007,10692
2026-06-05 22:50,9291,7908,10313
2026-06-05 22:55,8553,7270,10057
2026-06-05 23:00,8751,7587,10615
2026-06-05 23:05,8774,6839,10282
2026-06-05 23:10,8348,7531,9173
2026-06-05 23:15,8355,7462,10406
2026-06-05 23:20,8074,7153,9453
2026-06-05 23:25,8583,6743,9772
2026-06-05 23:30,7967,6829,9152
2026-06-05 23:35,8343,7087,10113
2026-06-05 23:40,7951,6824,9003
2026-06-05 23:45,8618,6866,9397
2026-06-05 23:50,7772,6997,9922
2026-06-05 23:55,8684,7068,8843
2026-06-06 00:00,5136,3853,5686
2026-06-06 00:05,4981,4346,5464
2026-06-06 00:10,4962,3822,5473
2026-06-06 00:15,5260,3903,5608
2026-06-06 00:20,4985,4308,5565
2026-06-06 00:25,5024,4195,5446
2026-06-06 00:30,4892,4066,5529
2026-06-06 00:35,4761,4225,5594
2026-06-06 00:40,5180,4115,5290
2026-06-06 00:45,4624,4343,5611
2026-06-06 00:50,5151,3896,5561
2026-06-06 00:55,5064,3967,5479
2026-06-06 01:00,5117,3941,5246
2026-06-06 01:05,4756,4335,5266
2026-06-06 01:10,4950,3957,5783
2026-06-06 01:15,5069,4214,5531
2026-06-06 01:20,4627,3845,5485
2026-06-06 01:25,4956,4357,5390
2026-06-06 01:30,5062,4009,5534
2026-06-06 01:35,4789,4156,5356
2026-06-06 01:40,4881,4077,5400
2026-06-06 01:45,4847,3912,5850
2026-06-06 01:50,5121,3833,5663
2026-06-06 01:55,4862,4100,5522
2026-06-06 02:00,4789,3859,5499
2026-06-06 02:05,4773,3856,5558
2026-06-06 02:10,4840,4164,5605
2026-06-06 02:15,5154,4272,5614
2026-06-06 02:20,4971,3960,5297
2026-06-06 02:25,4999,4231,5464
2026-06-06 02:30,4687,3858,5491
2026-06-06 02:35,5187,3844,5260
2026-06-06 02:40,4637,4269,5620
2026-06-06 02:45,5086,4060,5745
2026-06-06 02:50,5035,3874,5479
2026-06-06 02:55,4994,3910,5697
2026-06-06 03:00,5042,3896,5442
2026-06-06 03:05,5125,3880,5255
2026-06-06 03:10,4950,3844,5914
2026-06-06 03:15,4814,4363,5572
2026-06-06 03:20,5018,3831,5368
2026-06-06 03:25,4717,4236,5209
2026-06-06 03:30,4696,3961,5280
2026-06-06 03:35,4883,4158,5534
2026-06-06 03:40,5172,3801,5804
2026-06-06 03:45,5291,4158,5500
2026-06-06 03:50,5057,3926,5301
2026-06-06 03:55,5127,3981,5178
2026-06-06 04:00,5098,4129,5476
2026-06-06 04:05,4695,4088,5780
2026-06-06 04:10,4781,3926,5310
2026-06-06 04:15,5232,3892,5199
2026-06-06 04:20,4718,4336,5782
2026-06-06 04:25,4996,4343,5759
2026-06-06 04:30,5268,4245,5163
2026-06-06 04:35,4953,4115,5799
2026-06-06 04:40,4750,4119,5395
2026-06-06 04:45,4666,3806,5646
2026-06-06 04:50,5099,4131,5369
2026-06-06 04:55,4708,3912,5275
2026-06-06 05:00,4847,4236,5165
2026-06-06 05:05,4634,4163,5661
2026-06-06 05:10,4685,3857,5418
2026-06-06 05:15,5015,4012,5651
2026-06-06 05:20,5202,4335,5543
2026-06-06 05:25,4961,4159,5902
2026-06-06 05:30,4789,3993,5280
2026-06-06 05:35,4696,4185,5895
2026-06-06 05:40,5273,3918,5366
2026-06-06 05:45,5063,4003,5906
2026-06-06 05:50,5092,3828,5288
2026-06-06 05:55,4985,3867,5680
2026-06-06 06:00,4784,4209,5298
2026-06-06 06:05,4744,3879,5909
2026-06-06 06:10,5149,4062,5811
2026-06-06 06:15,5107,4307,5300
2026-06-06 06:20,4894,3966,5414
2026-06-06 06:25,5095,3993,5736
2026-06-06 06:30,4708,4242,5613
2026-06-06 06:35,4824,4042,5751
2026-06-06 06:40,4733,4281,5618
2026-06-06 06:45,4978,3958,5736
2026-06-06 06:50,4626,4024,5866
2026-06-06 06:55,4868,4105,5835
2026-06-06 07:00,4629,4226,5845
2026-06-06 07:05,4723,4358,5829
2026-06-06 07:10,4980,4024,5690
2026-06-06 07:15,5024,3841,5205
2026-06-06 07:20,5208,4091,5845
2026-06-06 07:25,4798,3940,5227
2026-06-06 07:30,5014,4086,5772
2026-06-06 07:35,4668,3891,5207
2026-06-06 07:40,4635,3800,5224
2026-06-06 07:45,5231,4272,5675
2026-06-06 07:50,4637,4183,5359
2026-06-06 07:55,4650,4231,5881
2026-06-06 08:00,5097,4348,5529
2026-06-06 08:05,5234,3915,5851
2026-06-06 08:10,5116,3924,5320
2026-06-06 08:15,5107,4139,5784
2026-06-06 08:20,4880,3938,5364
2026-06-06 08:25,4795,4357,5334
2026-06-06 08:30,4868,3992,5658
2026-06-06 08:35,4692,4354,5394
2026-06-06 08:40,5251,3876,5675
2026-06-06 08:45,5102,3894,5675
2026-06-06 08:50,4889,4336,5352
2026-06-06 08:55,5214,4149,5420
2026-06-06 09:00,4677,4263,5854
2026-06-06 09:05,5238,4220,5299
2026-06-06 09:10,5249,4233,5351
2026-06-06 09:15,5171,3830,5695
2026-06-06 09:20,5109,3859,5495
2026-06-06 09:25,5051,4345,5520
2026-06-06 09:30,4936,4357,5233
2026-06-06 09:35,5073,4166,5462
2026-06-06 09:40,5126,4029,5625
2026-06-06 09:45,4891,4318,5266
2026-06-06 09:50,4786,4166,5440
2026-06-06 09:55,4979,4162,5966
2026-06-06 10:00,4937,4045,5632
2026-06-06 10:05,5355,4200,5419
2026-06-06 10:10,4736,3976,5461
2026-06-06 10:15,5036,3866,5673
2026-06-06 10:20,4957,3991,5851
2026-06-06 10:25,5138,4045,5993
2026-06-06 10:30,5139,4356,5876
2026-06-06 10:35,5053,3981,5778
2026-06-06 10:40,4999,4520,5594
2026-06-06 10:45,4875,4078,5402
2026-06-06 10:50,5059,4084,5497
2026-06-06 10:55,5199,4423,6177
2026-06-06 11:00,4908,4510,6028
2026-06-06 11:05,5355,4514,6101
2026-06-06 11:10,5462,4596,6285
2026-06-06 11:15,5239,4509,5662
2026-06-06 11:20,5598,4078,6119
2026-06-06 11:25,5409,4221,6233
2026-06-06 11:30,5680,4205,6311
2026-06-06 11:35,5589,4700,6409
2026-06-06 11:40,5383,4457,5850
2026-06-06 11:45,5421,4762,5852
2026-06-06 11:50,5253,4671,5717
2026-06-06 11:55,5417,4544,5770
2026-06-06 12:00,5506,4668,6209
2026-06-06 12:05,5481,4467,6478
2026-06-06 12:10,5780,4891,6443
2026-06-06 12:15,5415,4880,6310
2026-06-06 12:20,6017,4922,6061
2026-06-06 12:25,6116,4509,6051
2026-06-06 12:30,5668,5060,6080
2026-06-06 12:35,5527,5098,6362
2026-06-06 12:40,5496,4919,6798
2026-06-06 12:45,5725,5144,6868
2026-06-06 12:50,6110,4954,6518
2026-06-06 12:55,6277,4747,6365
2026-06-06 13:00,5651,4954,6680
2026-06-06 13:05,5915,5039,6791
2026-06-06 13:10,6148,4859,6310
2026-06-06 13:15,6299,4981,6979
2026-06-06 13:20,5879,5234,7128
2026-06-06 13:25,6236,4744,7077
2026-06-06 13:30,5831,5306,7125
2026-06-06 13:35,5966,5155,7189
2026-06-06 13:40,5888,5328,7096
2026-06-06 13:45,6387,5302,7347
2026-06-06 13:50,6484,4923,7067
2026-06-06 13:55,6318,5422,7012
2026-06-06 14:00,6742,5213,7278
2026-06-06 14:05,6713,5143,7537
2026-06-06 14:10,6565,5375,6956
2026-06-06 14:15,6597,5585,7323
2026-06-06 14:20,6988,5314,7571
2026-06-06 14:25,6792,5474,7146
2026-06-06 14:30,7118,5786,7650
2026-06-06 14:35,6392,5287,7956
2026-06-06 14:40,6718,5720,7422
2026-06-06 14:45,6513,5495,7386
2026-06-06 14:50,7324,5801,7822
2026-06-06 14:55,6999,5741,7366
2026-06-06 15:00,7125,5445,8167
2026-06-06 15:05,6873,6008,7629
2026-06-06 15:10,7013,5986,7590
2026-06-06 15:15,7201,5753,7869
2026-06-06 15:20,6924,6331,8580
2026-06-06 15:25,7478,6130,7981
2026-06-06 15:30,7309,6107,8206
2026-06-06 15:35,7799,5931,8562
2026-06-06 15:40,7186,6538,8609
2026-06-06 15:45,7625,6071,8851
2026-06-06 15:50,7310,6586,8254
2026-06-06 15:55,7456,6017,9048
2026-06-06 16:00,7209,6214,9207
2026-06-06 16:05,8219,5971,9044
2026-06-06 16:10,7384,6254,8788
2026-06-06 16:15,8255,6482,8731
2026-06-06 16:20,7881,6417,9388
2026-06-06 16:25,7828,7006,9209
2026-06-06 16:30,8079,6534,9530
2026-06-06 16:35,8396,6984,8900
2026-06-06 16:40,8099,6628,9671
2026-06-06 16:45,8704,6722,8633
2026-06-06 16:50,8212,6478,9247
2026-06-06 16:55,8749,6665,9338
2026-06-06 17:00,8341,6956,8842
2026-06-06 17:05,8856,6758,9232
2026-06-06 17:10,8880,7412,9774
2026-06-06 17:15,9055,7362,10223
2026-06-06 17:20,8326,7118,9711
2026-06-06 17:25,9181,7024,9557
2026-06-06 17:30,9231,7128,9857
2026-06-06 17:35,9319,7021,9283
2026-06-06 17:40,9467,7386,10491
2026-06-06 17:45,8602,7225,10354
2026-06-06 17:50,9621,7965,9930
2026-06-06 17:55,9721,7003,10109
2026-06-06 18:00,9629,7458,10353
2026-06-06 18:05,9395,7148,10385
2026-06-06 18:10,9284,7453,10803
2026-06-06 18:15,9107,7389,10183
2026-06-06 18:20,9956,8097,11136
2026-06-06 18:25,8996,7307,10861
2026-06-06 18:30,10025,7856,10383
2026-06-06 18:35,9483,7848,10300
2026-06-06 18:40,10324,7573,10467
2026-06-06 18:45,9554,7822,10289
2026-06-06 18:50,10035,8031,11742
2026-06-06 18:55,9349,8546,11514
2026-06-06 19:00,9853,7821,11396
2026-06-06 19:05,9943,8605,10698
2026-06-06 19:10,10705,8386,11529
2026-06-06 19:15,9927,8038,11722
2026-06-06 19:20,9885,8936,11929
2026-06-06 19:25,10811,8506,12052
2026-06-06 19:30,10854,8686,12065
2026-06-06 19:35,10761,8843,12101
2026-06-06 19:40,9908,8938,12009
2026-06-06 19:45,10871,8559,11948
2026-06-06 19:50,10117,8917,11625
2026-06-06 19:55,11032,8612,12807
2026-06-06 20:00,10766,8634,12104
2026-06-06 20:05,10955,9274,12994
2026-06-06 20:10,11260,9038,11629
2026-06-06 20:15,11704,9679,12198
2026-06-06 20:20,10915,9643,13125
2026-06-06 20:25,12001,9223,12958
2026-06-06 20:30,10734,9010,12312
2026-06-06 20:35,11409,8799,12519
2026-06-06 20:40,11991,9986,13373
2026-06-06 20:45,11022,9656,12992
2026-06-06 20:50,11226,10000,12260
2026-06-06 20:55,10920,10301,12865
2026-06-06 21:00,12230,9812,13934
2026-06-06 21:05,12227,9713,13635
2026-06-06 21:10,11239,10238,12724
2026-06-06 21:15,10772,9818,13043
2026-06-06 21:20,11280,9675,12616
2026-06-06 21:25,10693,8786,12042
2026-06-06 21:30,10764,9398,13308
2026-06-06 21:35,11842,8917,12673
2026-06-06 21:40,11836,9023,13272
2026-06-06 21:45,11189,8647,12054
2026-06-06 21:50,10682,9360,11564
2026-06-06 21:55,11110,8980,11886
2026-06-06 22:00,11107,9178,12401
2026-06-06 22:05,10157,9123,11614
2026-06-06 22:10,11341,9334,12072
2026-06-06 22:15,11023,8585,11342
2026-06-06 22:20,9904,8833,11036
2026-06-06 22:25,10851,8179,12395
2026-06-06 22:30,10335,8070,11575
2026-06-06 22:35,10454,8160,11161
2026-06-06 22:40,10359,9000,10738
2026-06-06 22:45,10583,8407,11440
2026-06-06 22:50,10268,8002,11911
2026-06-06 22:55,9804,8725,11681
2026-06-06 23:00,9728,7938,11778
2026-06-06 23:05,9547,8513,11475
2026-06-06 23:10,10547,8566,11348
2026-06-06 23:15,10233,7825,11269
2026-06-06 23:20,9321,8248,11328
2026-06-06 23:25,9543,8031,10398
2026-06-06 23:30,9659,7454,11391
2026-06-06 23:35,10110,7756,10113
2026-06-06 23:40,8914,7879,10193
2026-06-06 23:45,9216,7914,10267
2026-06-06 23:50,9417,7507,10427
2026-06-06 23:55,9837,7765,10802
2026-06-07 00:00,5049,4054,5360
2026-06-07 00:05,4959,4181,5435
2026-06-07 00:10,5223,4354,5891
2026-06-07 00:15,5265,3844,5411
2026-06-07 00:20,4865,4351,5628
2026-06-07 00:25,5171,4053,5592
2026-06-07 00:30,4981,4218,5563
2026-06-07 00:35,5220,3824,5575
2026-06-07 00:40,5204,3939,5637
2026-06-07 00:45,5076,3808,5503
2026-06-07 00:50,5230,3884,5921
2026-06-07 00:55,5290,4152,5449
2026-06-07 01:00,4957,4315,5850
2026-06-07 01:05,4991,4279,5268
2026-06-07 01:10,5093,4197,5181
2026-06-07 01:15,4613,4207,5686
2026-06-07 01:20,5085,4237,5886
2026-06-07 01:25,5286,3938,5578
2026-06-07 01:30,5021,4348,5595
2026-06-07 01:35,4665,4084,5164
2026-06-07 01:40,5239,4287,5520
2026-06-07 01:45,4759,4360,5435
2026-06-07 01:50,4988,4244,5205
2026-06-07 01:55,5299,4232,5721
2026-06-07 02:00,5166,3952,5192
2026-06-07 02:05,5141,4010,5410
2026-06-07 02:10,4992,4322,5227
2026-06-07 02:15,5260,3933,5901
2026-06-07 02:20,5101,3987,5485
2026-06-07 02:25,4903,3958,5205
2026-06-07 02:30,5058,4275,5757
2026-06-07 02:35,4936,3915,5332
2026-06-07 02:40,4615,3981,5782
2026-06-07 02:45,4825,4323,5158
2026-06-07 02:50,4927,3979,5231
2026-06-07 02:55,4945,3860,5748
2026-06-07 03:00,5154,3999,5340
2026-06-07 03:05,4623,4179,5922
2026-06-07 03:10,4666,3981,5669
2026-06-07 03:15,4934,4321,5542
2026-06-07 03:20,4992,4359,5319
2026-06-07 03:25,5193,3808,5264
2026-06-07 03:30,4720,3979,5243
2026-06-07 03:35,5024,4293,5914
2026-06-07 03:40,4969,3857,5824
2026-06-07 03:45,4737,4112,5524
2026-06-07 03:50,4885,4236,5168
2026-06-07 03:55,4891,4355,5189
2026-06-07 04:00,4894,4174,5896
2026-06-07 04:05,4620,4073,5751
2026-06-07 04:10,4948,4219,5161
2026-06-07 04:15,4713,3859,5841
2026-06-07 04:20,5104,4253,5198
2026-06-07 04:25,4728,3908,5210
2026-06-07 04:30,4905,4256,5557
2026-06-07 04:35,4776,4085,5762
2026-06-07 04:40,4995,3882,5777
2026-06-07 04:45,5077,3959,5633
2026-06-07 04:50,4772,3961,5682
2026-06-07 04:55,5133,3849,5374
2026-06-07 05:00,5149,4028,5602
2026-06-07 05:05,5223,3894,5318
2026-06-07 05:10,5030,3916,5400
2026-06-07 05:15,5063,4109,5447
2026-06-07 05:20,4755,4355,5914
2026-06-07 05:25,5055,4261,5778
2026-06-07 05:30,4729,4276,5533
2026-06-07 05:35,5154,4331,5639
2026-06-07 05:40,5260,3805,5618
2026-06-07 05:45,4717,4088,5216
2026-06-07 05:50,4614,3989,5168
2026-06-07 05:55,5017,4198,5201
2026-06-07 06:00,5291,3977,5764
2026-06-07 06:05,5216,4104,5345
2026-06-07 06:10,4751,4235,5701
2026-06-07 06:15,4827,4235,5860
2026-06-07 06:20,4613,4176,5422
2026-06-07 06:25,4616,4228,5274
2026-06-07 06:30,4963,3970,5206
2026-06-07 06:35,5171,3976,5263
2026-06-07 06:40,5235,4184,5863
2026-06-07 06:45,4864,4287,5573
2026-06-07 06:50,4816,4260,5924
2026-06-07 06:55,5125,4283,5892
2026-06-07 07:00,4843,4227,5493
2026-06-07 07:05,5140,4231,5835
2026-06-07 07:10,4937,4311,5447
2026-06-07 07:15,4768,4285,5561
2026-06-07 07:20,5153,3819,5365
2026-06-07 07:25,4739,4081,5350
2026-06-07 07:30,4614,4165,5288
2026-06-07 07:35,5129,4055,5591
2026-06-07 07:40,5155,4053,5702
2026-06-07 07:45,4783,3885,5756
2026-06-07 07:50,4838,4293,5756
2026-06-07 07:55,4637,4334,5498
2026-06-07 08:00,4784,4308,5443
2026-06-07 08:05,5204,3828,5266
2026-06-07 08:10,4933,3833,5417
2026-06-07 08:15,4903,3999,5796
2026-06-07 08:20,4782,4233,5532
2026-06-07 08:25,5010,4043,5503
2026-06-07 08:30,4755,4088,5393
2026-06-07 08:35,5011,3815,5204
2026-06-07 08:40,4701,3878,5875
2026-06-07 08:45,5000,3997,5562
2026-06-07 08:50,4961,3982,5653
2026-06-07 08:55,5094,3914,5357
2026-06-07 09:00,5250,3944,5724
2026-06-07 09:05,5295,4018,5723
2026-06-07 09:10,4944,4075,5187
2026-06-07 09:15,5124,4262,5285
2026-06-07 09:20,4731,4006,5762
2026-06-07 09:25,5288,4208,5672
2026-06-07 09:30,4615,4111,5908
2026-06-07 09:35,5097,4348,5480
2026-06-07 09:40,5199,3975,5372
2026-06-07 09:45,4708,4034,5450
2026-06-07 09:50,5137,3939,5348
2026-06-07 09:55,4719,4137,5394
2026-06-07 10:00,4786,4123,5603
2026-06-07 10:05,4900,4115,5790
2026-06-07 10:10,5180,4184,5953
2026-06-07 10:15,5217,4147,5745
2026-06-07 10:20,4822,4335,5300
2026-06-07 10:25,4954,4287,5990
2026-06-07 10:30,4909,3993,5572
2026-06-07 10:35,5154,4099,5992
2026-06-07 10:40,4871,4012,6113
2026-06-07 10:45,4842,4402,5780
2026-06-07 10:50,4938,4515,6149
2026-06-07 10:55,5314,4269,5855
2026-06-07 11:00,5336,4277,5787
2026-06-07 11:05,5523,4453,5715
2026-06-07 11:10,5344,4163,5760
2026-06-07 11:15,5056,4415,5829
2026-06-07 11:20,5607,4158,5855
2026-06-07 11:25,5225,4680,5656
2026-06-07 11:30,5701,4381,5810
2026-06-07 11:35,5253,4212,5650
2026-06-07 11:40,5611,4393,6486
2026-06-07 11:45,5825,4489,6263
2026-06-07 11:50,5250,4776,6337
2026-06-07 11:55,5420,4545,5759
2026-06-07 12:00,5685,4878,6258
2026-06-07 12:05,5772,4833,6131
2026-06-07 12:10,5729,4771,6154
2026-06-07 12:15,5370,4412,6349
2026-06-07 12:20,5490,4453,6117
2026-06-07 12:25,5600,4436,6451
2026-06-07 12:30,6034,4434,6667
2026-06-07 12:35,5673,4478,6727
2026-06-07 12:40,6191,4796,6203
2026-06-07 12:45,6225,4704,6113
2026-06-07 12:50,6113,4795,6397
2026-06-07 12:55,6274,4590,6705
2026-06-07 13:00,5836,4625,6394
2026-06-07 13:05,5639,4720,6511
2026-06-07 13:10,6043,4926,6572
2026-06-07 13:15,5877,4738,6402
2026-06-07 13:20,6246,4793,6662
2026-06-07 13:25,6549,5422,7302
2026-06-07 13:30,5941,5244,7323
2026-06-07 13:35,5970,4842,7471
2026-06-07 13:40,6681,5377,7460
2026-06-07 13:45,6234,5092,7139
2026-06-07 13:50,6842,5146,6958
2026-06-07 13:55,6297,5054,7293
2026-06-07 14:00,6916,5119,7587
2026-06-07 14:05,6633,5570,7457
2026-06-07 14:10,6770,5208,7098
2026-06-07 14:15,6764,5098,7311
2026-06-07 14:20,6784,5582,7401
2026-06-07 14:25,7164,5911,7931
2026-06-07 14:30,6581,5755,7497
2026-06-07 14:35,6798,5379,8144
2026-06-07 14:40,7203,5377,7523
2026-06-07 14:45,7147,5844,7309
2026-06-07 14:50,6916,5716,7254
2026-06-07 14:55,6596,5502,8004
2026-06-07 15:00,6953,6036,7539
2026-06-07 15:05,7045,5943,7516
2026-06-07 15:10,7546,6220,7481
2026-06-07 15:15,7302,5746,8001
2026-06-07 15:20,7046,5896,8621
2026-06-07 15:25,7497,6378,7812
2026-06-07 15:30,7553,6280,8327
2026-06-07 15:35,7121,6116,8034
2026-06-07 15:40,7218,6290,8927
2026-06-07 15:45,7388,5870,8804
2026-06-07 15:50,8043,6460,8446
2026-06-07 15:55,7595,6279,8211
2026-06-07 16:00,8085,6291,8944
2026-06-07 16:05,7243,6107,8914
2026-06-07 16:10,7336,6868,8594
2026-06-07 16:15,7402,6033,8497
2026-06-07 16:20,8179,6148,9389
2026-06-07 16:25,8265,6777,9095
2026-06-07 16:30,7873,6472,8602
2026-06-07 16:35,8043,6968,8943
2026-06-07 16:40,8315,6527,8939
2026-06-07 16:45,7667,6825,9708
2026-06-07 16:50,7815,6852,9850
2026-06-07 16:55,8215,7162,8784
2026-06-07 17:00,7949,6931,9480
2026-06-07 17:05,8330,7347,9172
2026-06-07 17:10,8513,6629,10190
2026-06-07 17:15,8960,7216,9861
2026-06-07 17:20,8136,7601,9172
2026-06-07 17:25,8336,7161,9101
2026-06-07 17:30,9030,7480,9892
2026-06-07 17:35,9354,7540,10081
2026-06-07 17:40,8877,7441,10103
2026-06-07 17:45,9519,7228,10007
2026-06-07 17:50,9276,7221,9737
2026-06-07 17:55,9102,8020,10760
2026-06-07 18:00,9641,7425,10026
2026-06-07 18:05,9213,7970,9713
2026-06-07 18:10,9364,7700,10989
2026-06-07 18:15,9469,7773,10475
2026-06-07 18:20,8829,7637,10199
2026-06-07 18:25,9477,8295,11244
2026-06-07 18:30,9080,7811,10859
2026-06-07 18:35,9227,8310,10197
2026-06-07 18:40,9163,8283,10452
2026-06-07 18:45,9719,7574,10887
2026-06-07 18:50,9439,7820,10339
2026-06-07 18:55,9279,8546,10723
2026-06-07 19:00,10089,8587,10830
2026-06-07 19:05,10086,7854,10647
2026-06-07 19:10,9474,8319,10675
2026-06-07 19:15,10159,8147,11761
2026-06-07 19:20,10028,8945,12086
2026-06-07 19:25,10568,8782,11545
2026-06-07 19:30,10690,8997,10958
2026-06-07 19:35,11141,8973,11691
2026-06-07 19:40,10513,8702,11334
2026-06-07 19:45,11369,8835,11685
2026-06-07 19:50,11276,8713,12724
2026-06-07 19:55,10633,9135,11352
2026-06-07 20:00,10751,9236,11505
2026-06-07 20:05,10510,9301,12729
2026-06-07 20:10,11396,9691,11917
2026-06-07 20:15,11529,8703,12920
2026-06-07 20:20,11105,9715,13346
2026-06-07 20:25,11825,8816,12976
2026-06-07 20:30,11482,9580,12749
2026-06-07 20:35,12107,9721,12850
2026-06-07 20:40,11618,9225,12724
2026-06-07 20:45,12146,9734,12686
2026-06-07 20:50,11811,10206,13833
2026-06-07 20:55,11370,9545,13916
2026-06-07 21:00,11087,9343,12729
2026-06-07 21:05,11168,9094,13390
2026-06-07 21:10,12002,9231,13735
2026-06-07 21:15,11488,10184,13512
2026-06-07 21:20,10989,9914,13694
2026-06-07 21:25,10789,9759,13616
2026-06-07 21:30,10924,9177,12161
2026-06-07 21:35,11693,9700,12040
2026-06-07 21:40,11178,9182,13365
2026-06-07 21:45,10743,8993,12335
2026-06-07 21:50,11659,9082,12137
2026-06-07 21:55,10642,9596,12483
2026-06-07 22:00,10624,8866,11788
2026-06-07 22:05,10216,9291,12185
2026-06-07 22:10,10744,8675,11877
2026-06-07 22:15,10353,8221,12323
2026-06-07 22:20,10205,8220,11494
2026-06-07 22:25,10526,8771,11808
2026-06-07 22:30,10702,8069,12109
2026-06-07 22:35,10330,8164,12105
2026-06-07 22:40,10517,8191,11367
2026-06-07 22:45,9853,8513,11622
2026-06-07 22:50,10635,8408,10601
2026-06-07 22:55,10463,7864,10720
2026-06-07 23:00,9865,7767,10610
2026-06-07 23:05,9791,7940,10722
2026-06-07 23:10,10456,8569,10393
2026-06-07 23:15,9941,7895,11333
2026-06-07 23:20,10014,7596,11453
2026-06-07 23:25,9423,7655,11311
2026-06-07 23:30,10028,7957,10650
2026-06-07 23:35,10024,8210,11193
2026-06-07 23:40,9056,7638,10767
2026-06-07 23:45,9766,8082,10719
2026-06-07 23:50,9851,8199,10565
2026-06-07 23:55,9214,8056,9923
2026-06-08 00:00,4472,3425,4736
2026-06-08 00:05,4276,3653,4719
2026-06-08 00:10,4708,3564,4808
2026-06-08 00:15,4557,3417,4758
2026-06-08 00:20,4551,3770,5173
2026-06-08 00:25,4601,3463,5188
2026-06-08 00:30,4225,3446,4606
2026-06-08 00:35,4204,3798,4826
2026-06-08 00:40,4163,3757,5218
2026-06-08 00:45,4261,3752,5175
2026-06-08 00:50,4349,3523,5215
2026-06-08 00:55,4138,3432,4692
2026-06-08 01:00,4242,3714,4604
2026-06-08 01:05,4659,3669,4911
2026-06-08 01:10,4198,3470,5109
2026-06-08 01:15,4290,3686,5293
2026-06-08 01:20,4345,3834,5141
2026-06-08 01:25,4603,3403,5180
2026-06-08 01:30,4443,3870,4763
2026-06-08 01:35,4472,3439,5170
2026-06-08 01:40,4140,3767,5067
2026-06-08 01:45,4236,3443,4652
2026-06-08 01:50,4650,3653,5215
2026-06-08 01:55,4538,3496,5261
2026-06-08 02:00,4332,3775,5088
2026-06-08 02:05,4717,3474,5142
2026-06-08 02:10,4444,3823,5038
2026-06-08 02:15,4450,3844,5027
2026-06-08 02:20,4596,3761,4985
2026-06-08 02:25,4433,3541,4828
2026-06-08 02:30,4250,3600,4879
2026-06-08 02:35,4217,3736,5094
2026-06-08 02:40,4517,3614,4782
2026-06-08 02:45,4186,3811,4784
2026-06-08 02:50,4377,3813,5203
2026-06-08 02:55,4125,3403,4861
2026-06-08 03:00,4638,3442,4706
2026-06-08 03:05,4689,3480,4744
2026-06-08 03:10,4317,3685,5133
2026-06-08 03:15,4489,3484,4620
2026-06-08 03:20,4177,3845,4970
2026-06-08 03:25,4133,3632,5212
2026-06-08 03:30,4118,3856,5168
2026-06-08 03:35,4154,3601,4742
2026-06-08 03:40,4382,3720,5077
2026-06-08 03:45,4433,3461,5217
2026-06-08 03:50,4376,3425,4777
2026-06-08 03:55,4379,3766,4753
2026-06-08 04:00,4385,3795,4863
2026-06-08 04:05,4122,3886,4906
2026-06-08 04:10,4418,3737,5038
2026-06-08 04:15,4405,3393,5287
2026-06-08 04:20,4164,3501,4895
2026-06-08 04:25,4390,3558,4897
2026-06-08 04:30,4689,3649,5095
2026-06-08 04:35,4674,3441,5210
2026-06-08 04:40,4306,3673,5157
2026-06-08 04:45,4686,3598,5279
2026-06-08 04:50,4119,3476,5273
2026-06-08 04:55,4408,3655,5036
2026-06-08 05:00,4657,3497,5051
2026-06-08 05:05,4649,3545,4961
2026-06-08 05:10,4497,3546,5271
2026-06-08 05:15,4599,3522,4728
2026-06-08 05:20,4170,3799,4753
2026-06-08 05:25,4173,3514,5225
2026-06-08 05:30,4629,3744,5094
2026-06-08 05:35,4163,3524,5225
2026-06-08 05:40,4441,3659,4937
2026-06-08 05:45,4431,3632,4648
2026-06-08 05:50,4464,3804,4614
2026-06-08 05:55,4161,3608,5117
2026-06-08 06:00,4671,3899,4863
2026-06-08 06:05,4301,3567,4778
2026-06-08 06:10,4536,3715,4817
2026-06-08 06:15,4639,3547,4855
2026-06-08 06:20,4372,3580,4942
2026-06-08 06:25,4231,3617,4979
2026-06-08 06:30,4227,3609,4751
2026-06-08 06:35,4458,3622,5121
2026-06-08 06:40,4635,3851,5136
2026-06-08 06:45,4401,3705,4751
2026-06-08 06:50,4586,3434,5037
2026-06-08 06:55,4139,3395,5292
2026-06-08 07:00,4207,3519,4621
2026-06-08 07:05,4487,3457,5168
2026-06-08 07:10,4451,3577,4961
2026-06-08 07:15,4452,3393,4838
2026-06-08 07:20,4590,3894,5252
2026-06-08 07:25,4256,3642,5107
2026-06-08 07:30,4364,3567,4887
2026-06-08 07:35,4450,3580,5205
2026-06-08 07:40,4291,3758,4752
2026-06-08 07:45,4330,3484,4849
2026-06-08 07:50,4575,3753,4663
2026-06-08 07:55,4699,3599,5197
2026-06-08 08:00,4507,3517,4942
2026-06-08 08:05,4662,3736,4882
2026-06-08 08:10,4206,3817,5216
2026-06-08 08:15,4607,3717,4812
2026-06-08 08:20,4495,3877,5059
2026-06-08 08:25,4711,3794,4745
2026-06-08 08:30,4624,3600,4926
2026-06-08 08:35,4168,3860,5226
2026-06-08 08:40,4188,3414,5169
2026-06-08 08:45,4679,3508,4815
2026-06-08 08:50,4365,3465,4796
2026-06-08 08:55,4218,3841,4740
2026-06-08 09:00,4413,3601,5285
2026-06-08 09:05,4294,3878,4670
2026-06-08 09:10,4400,3542,5256
2026-06-08 09:15,4351,3657,4900
2026-06-08 09:20,4492,3660,4781
2026-06-08 09:25,4561,3482,4963
2026-06-08 09:30,4122,3563,5264
2026-06-08 09:35,4119,3626,5288
2026-06-08 09:40,4623,3436,4839
2026-06-08 09:45,4169,3656,4706
2026-06-08 09:50,4268,3589,4858
2026-06-08 09:55,4629,3489,4977
2026-06-08 10:00,4288,3875,5023
2026-06-08 10:05,4357,3930,4806
2026-06-08 10:10,4334,3708,4679
2026-06-08 10:15,4462,3846,5149
2026-06-08 10:20,4343,3901,4779
2026-06-08 10:25,4849,3666,5129
2026-06-08 10:30,4264,3487,5335
2026-06-08 10:35,4501,3767,5288
2026-06-08 10:40,4360,4037,5079
2026-06-08 10:45,4865,3647,5069
2026-06-08 10:50,4342,3922,4876
2026-06-08 10:55,4503,3713,4868
2026-06-08 11:00,4392,3956,5301
2026-06-08 11:05,4748,3692,5440
2026-06-08 11:10,4846,3621,5136
2026-06-08 11:15,5018,3838,5019
2026-06-08 11:20,4969,4179,5056
2026-06-08 11:25,4774,4189,5061
2026-06-08 11:30,5047,4135,5544
2026-06-08 11:35,4637,4195,5671
2026-06-08 11:40,4896,4005,5800
2026-06-08 11:45,4790,4266,5782
2026-06-08 11:50,5074,3908,5448
2026-06-08 11:55,5242,4153,5472
2026-06-08 12:00,4783,3957,5393
2026-06-08 12:05,5066,4140,5871
2026-06-08 12:10,5303,4366,5580
2026-06-08 12:15,4932,4290,5897
2026-06-08 12:20,4800,4306,5522
2026-06-08 12:25,4960,3967,5338
2026-06-08 12:30,4855,4014,6076
2026-06-08 12:35,5003,4353,6047
2026-06-08 12:40,5007,4136,5544
2026-06-08 12:45,5414,4468,5905
2026-06-08 12:50,4982,4075,5972
2026-06-08 12:55,5635,4421,6119
2026-06-08 13:00,5101,4139,5602
2026-06-08 13:05,5314,4368,5682
2026-06-08 13:10,5233,4520,6332
2026-06-08 13:15,5218,4683,6465
2026-06-08 13:20,5819,4528,5911
2026-06-08 13:25,5258,4710,6349
2026-06-08 13:30,5186,4353,6477
2026-06-08 13:35,5480,4898,5859
2026-06-08 13:40,5374,4943,6331
2026-06-08 13:45,5370,4490,6665
2026-06-08 13:50,5969,4529,6285
2026-06-08 13:55,5725,4878,6566
2026-06-08 14:00,5580,4910,6313
2026-06-08 14:05,5878,4814,6071
2026-06-08 14:10,6249,5098,6417
2026-06-08 14:15,6104,4650,6561
2026-06-08 14:20,6068,5027,6399
2026-06-08 14:25,5690,5021,6316
2026-06-08 14:30,6125,5264,6979
2026-06-08 14:35,6221,5024,6605
2026-06-08 14:40,5946,5314,6551
2026-06-08 14:45,6332,4878,6963
2026-06-08 14:50,5794,5019,6662
2026-06-08 14:55,5967,5389,7266
2026-06-08 15:00,6374,5351,6712
2026-06-08 15:05,6055,5290,7440
2026-06-08 15:10,6488,5046,6827
2026-06-08 15:15,6621,5214,7414
2026-06-08 15:20,6838,5529,7636
2026-06-08 15:25,6241,5435,7080
2026-06-08 15:30,6287,5602,6951
2026-06-08 15:35,6185,5308,7612
2026-06-08 15:40,6549,5745,7386
2026-06-08 15:45,7094,5257,7553
2026-06-08 15:50,6492,5413,7408
2026-06-08 15:55,7217,5660,7515
2026-06-08 16:00,6832,6059,7510
2026-06-08 16:05,6727,5533,7715
2026-06-08 16:10,7147,6028,7279
2026-06-08 16:15,7442,5866,7754
2026-06-08 16:20,7508,6146,8427
2026-06-08 16:25,7416,5685,8482
2026-06-08 16:30,7468,5571,8383
2026-06-08 16:35,7021,6129,8515
2026-06-08 16:40,7622,6391,8420
2026-06-08 16:45,6862,5794,8719
2026-06-08 16:50,7024,5905,8624
2026-06-08 16:55,7717,6437,8568
2026-06-08 17:00,7361,6373,7994
2026-06-08 17:05,7998,6301,8845
2026-06-08 17:10,7737,6109,8049
2026-06-08 17:15,7409,6585,8130
2026-06-08 17:20,8064,6576,8655
2026-06-08 17:25,8146,6427,8939
2026-06-08 17:30,8353,6220,8520
2026-06-08 17:35,8209,6458,9114
2026-06-08 17:40,7459,6214,9371
2026-06-08 17:45,8021,6167,8647
2026-06-08 17:50,8171,6869,8629
2026-06-08 17:55,7643,6499,9684
2026-06-08 18:00,8676,6375,9564
2026-06-08 18:05,8351,6833,9064
2026-06-08 18:10,8488,7209,9440
2026-06-08 18:15,8091,7022,8894
2026-06-08 18:20,8877,7178,9501
2026-06-08 18:25,7935,7060,10138
2026-06-08 18:30,8957,7017,9676
2026-06-08 18:35,8195,7550,9395
2026-06-08 18:40,8115,6912,9808
2026-06-08 18:45,9074,6696,9538
2026-06-08 18:50,9159,6794,9771
2026-06-08 18:55,9288,7709,9598
2026-06-08 19:00,8785,7736,10170
2026-06-08 19:05,8932,7252,10045
2026-06-08 19:10,9354,7805,10185
2026-06-08 19:15,9525,7732,10214
2026-06-08 19:20,8726,7063,10942
2026-06-08 19:25,9826,7355,10758
2026-06-08 19:30,9429,7149,11008
2026-06-08 19:35,9387,7768,11031
2026-06-08 19:40,9777,7462,11134
2026-06-08 19:45,10131,8240,10909
2026-06-08 19:50,9999,8222,11141
2026-06-08 19:55,10161,7646,10467
2026-06-08 20:00,10278,8111,11069
2026-06-08 20:05,9390,8211,11058
2026-06-08 20:10,9383,7749,10984
2026-06-08 20:15,9942,8359,11570
2026-06-08 20:20,10197,8107,11914
2026-06-08 20:25,9378,7963,11644
2026-06-08 20:30,10010,8822,11996
2026-06-08 20:35,10889,8712,11088
2026-06-08 20:40,10933,8118,10955
2026-06-08 20:45,10905,8340,12166
2026-06-08 20:50,10092,8184,12308
2026-06-08 20:55,10983,8839,12426
2026-06-08 21:00,9985,8609,12070
2026-06-08 21:05,9859,8070,10979
2026-06-08 21:10,10220,8287,10967
2026-06-08 21:15,10546,7917,11990
2026-06-08 21:20,10209,8826,10751
2026-06-08 21:25,10604,8595,11668
2026-06-08 21:30,9478,7771,10639
2026-06-08 21:35,10013,8549,11167
2026-06-08 21:40,10137,8699,11059
2026-06-08 21:45,9241,8304,10469
2026-06-08 21:50,9376,7793,11173
2026-06-08 21:55,9994,7631,10554
2026-06-08 22:00,9192,7823,10937
2026-06-08 22:05,9909,7681,10573
2026-06-08 22:10,9963,7776,10875
2026-06-08 22:15,9970,7477,10998
2026-06-08 22:20,9421,8304,10519
2026-06-08 22:25,9468,8120,10454
2026-06-08 22:30,9345,7749,10365
2026-06-08 22:35,8819,7532,9857
2026-06-08 22:40,9510,8085,10007
2026-06-08 22:45,8905,7836,10035
2026-06-08 22:50,8694,7769,9909
2026-06-08 22:55,9622,7556,9993
2026-06-08 23:00,9502,7684,10274
2026-06-08 23:05,9017,7614,10008
2026-06-08 23:10,9052,7079,10157
2026-06-08 23:15,9141,7541,9347
2026-06-08 23:20,8186,7582,10146
2026-06-08 23:25,8184,7349,9417
2026-06-08 23:30,9119,7393,9040
2026-06-08 23:35,8779,6518,9339
2026-06-08 23:40,8197,7187,10002
2026-06-08 23:45,8619,6567,8715
2026-06-08 23:50,8738,6594,9070
2026-06-08 23:55,8264,7126,8672
2026-06-09 00:00,4370,3487,4860
2026-06-09 00:05,4135,3671,5001
2026-06-09 00:10,4564,3771,4923
2026-06-09 00:15,4605,3860,5268
2026-06-09 00:20,4241,3425,5076
2026-06-09 00:25,4121,3840,4988
2026-06-09 00:30,4474,3432,5119
2026-06-09 00:35,4669,3519,4758
2026-06-09 00:40,4237,3669,5085
2026-06-09 00:45,4189,3730,4688
2026-06-09 00:50,4689,3534,4866
2026-06-09 00:55,4217,3829,4849
2026-06-09 01:00,4519,3535,5095
2026-06-09 01:05,4682,3734,4624
2026-06-09 01:10,4179,3754,5071
2026-06-09 01:15,4428,3609,4805
2026-06-09 01:20,4595,3392,5216
2026-06-09 01:25,4242,3665,5184
2026-06-09 01:30,4413,3532,4913
2026-06-09 01:35,4397,3797,5169
2026-06-09 01:40,4605,3461,4819
2026-06-09 01:45,4330,3586,4944
2026-06-09 01:50,4633,3701,4727
2026-06-09 01:55,4447,3845,5029
2026-06-09 02:00,4573,3873,5254
2026-06-09 02:05,4688,3887,4920
2026-06-09 02:10,4730,3849,5200
2026-06-09 02:15,4198,3702,5173
2026-06-09 02:20,4443,3875,4917
2026-06-09 02:25,4141,3847,5169
2026-06-09 02:30,4637,3648,4645
2026-06-09 02:35,4184,3874,5081
2026-06-09 02:40,4528,3719,5237
2026-06-09 02:45,4142,3882,4829
2026-06-09 02:50,4351,3874,4696
2026-06-09 02:55,4434,3670,5134
2026-06-09 03:00,4551,3691,5178
2026-06-09 03:05,4220,3550,5082
2026-06-09 03:10,4521,3529,4884
2026-06-09 03:15,4436,3568,4681
2026-06-09 03:20,4211,3725,4684
2026-06-09 03:25,4319,3615,4903
2026-06-09 03:30,4157,3457,5093
2026-06-09 03:35,4320,3403,4631
2026-06-09 03:40,4502,3429,4701
2026-06-09 03:45,4374,3585,4641
2026-06-09 03:50,4504,3863,4677
2026-06-09 03:55,4377,3831,4763
2026-06-09 04:00,4430,3659,4866
2026-06-09 04:05,4474,3891,4604
2026-06-09 04:10,4560,3415,4651
2026-06-09 04:15,4265,3515,5077
2026-06-09 04:20,4557,3713,5137
2026-06-09 04:25,4217,3480,4642
2026-06-09 04:30,4394,3767,4754
2026-06-09 04:35,4325,3549,5108
2026-06-09 04:40,4576,3395,4880
2026-06-09 04:45,4492,3461,5243
2026-06-09 04:50,4690,3833,4819
2026-06-09 04:55,4399,3859,5292
2026-06-09 05:00,4664,3733,4715
2026-06-09 05:05,4245,3394,4609
2026-06-09 05:10,4537,3885,5174
2026-06-09 05:15,4541,3894,5086
2026-06-09 05:20,4434,3768,4787
2026-06-09 05:25,4492,3749,4857
2026-06-09 05:30,4293,3672,4881
2026-06-09 05:35,4458,3561,5021
2026-06-09 05:40,4242,3437,5174
2026-06-09 05:45,4240,3749,4837
2026-06-09 05:50,4162,3398,4883
2026-06-09 05:55,4678,3896,4896
2026-06-09 06:00,4531,3716,4969
2026-06-09 06:05,4246,3395,4909
2026-06-09 06:10,4468,3398,5066
2026-06-09 06:15,4423,3892,4730
2026-06-09 06:20,4379,3480,4679
2026-06-09 06:25,4665,3641,4768
2026-06-09 06:30,4187,3882,5191
2026-06-09 06:35,4596,3707,5139
2026-06-09 06:40,4465,3745,4933
2026-06-09 06:45,4371,3458,5089
2026-06-09 06:50,4426,3657,5193
2026-06-09 06:55,4666,3617,5136
2026-06-09 07:00,4198,3752,4967
2026-06-09 07:05,4132,3600,4673
2026-06-09 07:10,4201,3686,5130
2026-06-09 07:15,4716,3500,4685
2026-06-09 07:20,4235,3685,4808
2026-06-09 07:25,4255,3578,5259
2026-06-09 07:30,4425,3849,5194
2026-06-09 07:35,4195,3754,4672
2026-06-09 07:40,4134,3394,4975
2026-06-09 07:45,4202,3406,5038
2026-06-09 07:50,4682,3730,5176
2026-06-09 07:55,4711,3445,5287
2026-06-09 08:00,4206,3774,4933
2026-06-09 08:05,4609,3829,4715
2026-06-09 08:10,4599,3739,4707
2026-06-09 08:15,4341,3549,5001
2026-06-09 08:20,4120,3439,5273
2026-06-09 08:25,4610,3886,4818
2026-06-09 08:30,4636,3517,5042
2026-06-09 08:35,4153,3842,4823
2026-06-09 08:40,4381,3514,5167
2026-06-09 08:45,4501,3726,5012
2026-06-09 08:50,4579,3586,5182
2026-06-09 08:55,4555,3503,4772
2026-06-09 09:00,4167,3468,4640
2026-06-09 09:05,4446,3565,4642
2026-06-09 09:10,4118,3858,5279
2026-06-09 09:15,4383,3625,4635
2026-06-09 09:20,4448,3771,5118
2026-06-09 09:25,4306,3682,5019
2026-06-09 09:30,4242,3807,4717
2026-06-09 09:35,4535,3900,4717
2026-06-09 09:40,4328,3901,5138
2026-06-09 09:45,4548,3855,4808
2026-06-09 09:50,4359,3774,5077
2026-06-09 09:55,4628,3571,5173
2026-06-09 10:00,4756,3825,5255
2026-06-09 10:05,4366,3836,5292
2026-06-09 10:10,4629,3862,4910
2026-06-09 10:15,4318,3859,4696
2026-06-09 10:20,4435,3939,5312
2026-06-09 10:25,4750,3488,4913
2026-06-09 10:30,4677,3876,4747
2026-06-09 10:35,4517,3509,5039
2026-06-09 10:40,4421,3567,4909
2026-06-09 10:45,4627,3542,5305
2026-06-09 10:50,4552,3883,5355
2026-06-09 10:55,4439,3812,5376
2026-06-09 11:00,4450,3629,5241
2026-06-09 11:05,4685,3815,4955
2026-06-09 11:10,5010,3977,5468
2026-06-09 11:15,4753,3633,5175
2026-06-09 11:20,5075,4136,5064
2026-06-09 11:25,4457,3950,5203
2026-06-09 11:30,4477,3782,5512
2026-06-09 11:35,4732,4241,5594
2026-06-09 11:40,4764,4045,5654
2026-06-09 11:45,4556,4084,5525
2026-06-09 11:50,4950,3913,5360
2026-06-09 11:55,5114,3964,5199
2026-06-09 12:00,4643,4051,5806
2026-06-09 12:05,4739,3936,5511
2026-06-09 12:10,4772,3980,5240
2026-06-09 12:15,4953,4440,5720
2026-06-09 12:20,4955,4236,5755
2026-06-09 12:25,4793,4115,5359
2026-06-09 12:30,4952,4295,5369
2026-06-09 12:35,5062,4523,5403
2026-06-09 12:40,4894,4100,5854
2026-06-09 12:45,4870,4607,5446
2026-06-09 12:50,4979,4513,5953
2026-06-09 12:55,5656,4402,5951
2026-06-09 13:00,5557,4619,6156
2026-06-09 13:05,5301,4652,6045
2026-06-09 13:10,5716,4262,6287
2026-06-09 13:15,5138,4652,6376
2026-06-09 13:20,5793,4251,5923
2026-06-09 13:25,5263,4466,5888
2026-06-09 13:30,5737,4758,6345
2026-06-09 13:35,5649,4429,6584
2026-06-09 13:40,5858,4885,6219
2026-06-09 13:45,5542,4981,6584
2026-06-09 13:50,5798,4818,6144
2026-06-09 13:55,5349,4833,6459
2026-06-09 14:00,6037,4653,6121
2026-06-09 14:05,5755,4919,6212
2026-06-09 14:10,5961,5000,6826
2026-06-09 14:15,6270,5046,6340
2026-06-09 14:20,5864,4646,6541
2026-06-09 14:25,5813,5002,6872
2026-06-09 14:30,6325,5186,7174
2026-06-09 14:35,6202,5293,6858
2026-06-09 14:40,5999,5321,7321
2026-06-09 14:45,5783,5279,6886
2026-06-09 14:50,6226,5169,6691
2026-06-09 14:55,6320,4801,6985
2026-06-09 15:00,6557,5430,7415
2026-06-09 15:05,5984,5036,7141
2026-06-09 15:10,6559,5289,6928
2026-06-09 15:15,6854,5224,7082
2026-06-09 15:20,6064,5014,7206
2026-06-09 15:25,6823,5591,7777
2026-06-09 15:30,6229,5065,7620
2026-06-09 15:35,6819,5620,6963
2026-06-09 15:40,6256,5850,7015
2026-06-09 15:45,6659,5371,7421
2026-06-09 15:50,6565,5653,7745
2026-06-09 15:55,6915,5396,7571
2026-06-09 16:00,7305,5538,7591
2026-06-09 16:05,7086,5469,7733
2026-06-09 16:10,7173,5901,7749
2026-06-09 16:15,7378,6125,7890
2026-06-09 16:20,6715,5632,7948
2026-06-09 16:25,7115,6159,7438
2026-06-09 16:30,7042,6047,7473
2026-06-09 16:35,7360,5779,8310
2026-06-09 16:40,6911,6284,8408
2026-06-09 16:45,7710,6390,7837
2026-06-09 16:50,6986,6139,8195
2026-06-09 16:55,7850,5950,8833
2026-06-09 17:00,7695,6010,8265
2026-06-09 17:05,7777,6326,8860
2026-06-09 17:10,7522,6003,8987
2026-06-09 17:15,7821,6748,8040
2026-06-09 17:20,7972,6660,8148
2026-06-09 17:25,7485,6367,8878
2026-06-09 17:30,7615,6245,8722
2026-06-09 17:35,7954,6134,9068
2026-06-09 17:40,8116,6456,9515
2026-06-09 17:45,8506,6411,8900
2026-06-09 17:50,7556,6238,9304
2026-06-09 17:55,8649,6494,8469
2026-06-09 18:00,8225,7137,8615
2026-06-09 18:05,8067,7084,9416
2026-06-09 18:10,8819,6542,9366
2026-06-09 18:15,8088,7308,9509
2026-06-09 18:20,8349,6595,9048
2026-06-09 18:25,8903,6860,9988
2026-06-09 18:30,8987,7026,9969
2026-06-09 18:35,8271,7193,8978
2026-06-09 18:40,8528,7548,9061
2026-06-09 18:45,9222,7295,9621
2026-06-09 18:50,8377,7378,9879
2026-06-09 18:55,8427,7062,9798
2026-06-09 19:00,8748,6941,9408
2026-06-09 19:05,9190,7672,9736
2026-06-09 19:10,9293,7570,10216
2026-06-09 19:15,8871,7990,9894
2026-06-09 19:20,8919,8053,10728
2026-06-09 19:25,8902,7300,9658
2026-06-09 19:30,8987,7814,10070
2026-06-09 19:35,8903,7829,10476
2026-06-09 19:40,9574,7354,9988
2026-06-09 19:45,9656,7519,11171
2026-06-09 19:50,9104,8061,10018
2026-06-09 19:55,9838,7830,11188
2026-06-09 20:00,9564,8167,10438
2026-06-09 20:05,10025,7991,11502
2026-06-09 20:10,10364,8022,10793
2026-06-09 20:15,10351,7962,11035
2026-06-09 20:20,9662,8443,10526
2026-06-09 20:25,10075,8177,10490
2026-06-09 20:30,10237,8838,10544
2026-06-09 20:35,10220,7989,11461
2026-06-09 20:40,9947,8439,11427
2026-06-09 20:45,10093,8481,11698
2026-06-09 20:50,9820,8307,11367
2026-06-09 20:55,9808,8358,11310
2026-06-09 21:00,10005,9220,11986
2026-06-09 21:05,10893,8237,12026
2026-06-09 21:10,9978,8088,11677
2026-06-09 21:15,10232,8596,11352
2026-06-09 21:20,10280,8325,11202
2026-06-09 21:25,10062,8579,11942
2026-06-09 21:30,9476,8290,10877
2026-06-09 21:35,10059,8456,11541
2026-06-09 21:40,9373,8747,10459
2026-06-09 21:45,9297,7930,10674
2026-06-09 21:50,9547,8078,10437
2026-06-09 21:55,9463,7986,11545
2026-06-09 22:00,10385,8352,10804
2026-06-09 22:05,9320,8322,10524
2026-06-09 22:10,10070,8339,10343
2026-06-09 22:15,9845,8166,10519
2026-06-09 22:20,9616,8254,10772
2026-06-09 22:25,8776,7905,9807
2026-06-09 22:30,9255,7643,10551
2026-06-09 22:35,9569,7956,10608
2026-06-09 22:40,9462,7587,10390
2026-06-09 22:45,8540,7541,10105
2026-06-09 22:50,9304,7952,9553
2026-06-09 22:55,8733,7591,9549
2026-06-09 23:00,8656,7501,10640
2026-06-09 23:05,8709,7032,9932
2026-06-09 23:10,8366,6814,10110
2026-06-09 23:15,8277,7063,10429
2026-06-09 23:20,8353,6689,9586
2026-06-09 23:25,8639,7242,9733
2026-06-09 23:30,8184,7402,9716
2026-06-09 23:35,8774,7047,9251
2026-06-09 23:40,8037,7278,9377
2026-06-09 23:45,8586,6734,9100
2026-06-09 23:50,8180,7208,9739
2026-06-09 23:55,8461,7101,9352
2026-06-10 00:00,4539,3492,4827
2026-06-10 00:05,4270,3395,4681
2026-06-10 00:10,4336,3531,5156
2026-06-10 00:15,4260,3527,4736
2026-06-10 00:20,4549,3786,4817
2026-06-10 00:25,4210,3446,4963
2026-06-10 00:30,4703,3745,4658
2026-06-10 00:35,4435,3530,4674
2026-06-10 00:40,4532,3593,4866
2026-06-10 00:45,4143,3873,4606
2026-06-10 00:50,4230,3661,5242
2026-06-10 00:55,4277,3851,4654
2026-06-10 01:00,4267,3460,5047
2026-06-10 01:05,4583,3415,5154
2026-06-10 01:10,4367,3435,5234
2026-06-10 01:15,4466,3489,4805
2026-06-10 01:20,4536,3809,4709
2026-06-10 01:25,4202,3736,4716
2026-06-10 01:30,4222,3657,4770
2026-06-10 01:35,4189,3832,4892
2026-06-10 01:40,4622,3829,4971
2026-06-10 01:45,4474,3431,5248
2026-06-10 01:50,4592,3885,4997
2026-06-10 01:55,4603,3679,5148
2026-06-10 02:00,4673,3445,4608
2026-06-10 02:05,4161,3393,5023
2026-06-10 02:10,4224,3854,4884
2026-06-10 02:15,4736,3416,4942
2026-06-10 02:20,4208,3398,5175
2026-06-10 02:25,4145,3614,4937
2026-06-10 02:30,4499,3621,4632
2026-06-10 02:35,4120,3504,4663
2026-06-10 02:40,4395,3704,4896
2026-06-10 02:45,4183,3890,4893
2026-06-10 02:50,4481,3874,4788
2026-06-10 02:55,4360,3742,4876
2026-06-10 03:00,4143,3679,5193
2026-06-10 03:05,4386,3812,4896
2026-06-10 03:10,4257,3542,4879
2026-06-10 03:15,4649,3731,4931
2026-06-10 03:20,4332,3795,5184
2026-06-10 03:25,4694,3862,4705
2026-06-10 03:30,4198,3533,4902
2026-06-10 03:35,4654,3792,5077
2026-06-10 03:40,4666,3508,5087
2026-06-10 03:45,4691,3598,4845
2026-06-10 03:50,4634,3676,4741
2026-06-10 03:55,4332,3888,5154
2026-06-10 04:00,4679,3496,5191
2026-06-10 04:05,4541,3530,5250
2026-06-10 04:10,4634,3527,5242
2026-06-10 04:15,4161,3568,5194
2026-06-10 04:20,4193,3497,4886
2026-06-10 04:25,4619,3690,4664
2026-06-10 04:30,4561,3692,5193
2026-06-10 04:35,4293,3395,5023
2026-06-10 04:40,4333,3880,5221
2026-06-10 04:45,4612,3823,4670
2026-06-10 04:50,4402,3639,4959
2026-06-10 04:55,4156,3521,5124
2026-06-10 05:00,4556,3425,5035
2026-06-10 05:05,4646,3622,4607
2026-06-10 05:10,4522,3397,4696
2026-06-10 05:15,4533,3634,4762
2026-06-10 05:20,4531,3584,5050
2026-06-10 05:25,4204,3477,4956
2026-06-10 05:30,4353,3393,4617
2026-06-10 05:35,4656,3700,5205
2026-06-10 05:40,4584,3575,4688
2026-06-10 05:45,4551,3490,5145
2026-06-10 05:50,4661,3604,4647
2026-06-10 05:55,4415,3867,4751
2026-06-10 06:00,4137,3443,4729
2026-06-10 06:05,4678,3400,4841
2026-06-10 06:10,4351,3418,4819
2026-06-10 06:15,4175,3734,5064
2026-06-10 06:20,4397,3596,5229
2026-06-10 06:25,4450,3704,4679
2026-06-10 06:30,4438,3779,5127
2026-06-10 06:35,4425,3686,4601
2026-06-10 06:40,4722,3527,5198
2026-06-10 06:45,4390,3478,4606
2026-06-10 06:50,4513,3518,4608
2026-06-10 06:55,4711,3392,4639
2026-06-10 07:00,4167,3551,5126
2026-06-10 07:05,4550,3870,4873
2026-06-10 07:10,4734,3564,4648
2026-06-10 07:15,4233,3785,4701
2026-06-10 07:20,4479,3709,4901
2026-06-10 07:25,4272,3701,4627
2026-06-10 07:30,4670,3726,5130
2026-06-10 07:35,4285,3758,5182
2026-06-10 07:40,4136,3533,5262
2026-06-10 07:45,4615,3652,5255
2026-06-10 07:50,4349,3660,5127
2026-06-10 07:55,4379,3441,4936
2026-06-10 08:00,4465,3693,4947
2026-06-10 08:05,4160,3432,5286
2026-06-10 08:10,4349,3769,4601
2026-06-10 08:15,4454,3442,4724
2026-06-10 08:20,4134,3885,4755
2026-06-10 08:25,4397,3558,4717
2026-06-10 08:30,4249,3773,4952
2026-06-10 08:35,4398,3892,4689
2026-06-10 08:40,4334,3736,5106
2026-06-10 08:45,4525,3779,4923
2026-06-10 08:50,4600,3681,4834
2026-06-10 08:55,4625,3594,4920
2026-06-10 09:00,4219,3492,5061
2026-06-10 09:05,4616,3606,5040
2026-06-10 09:10,4133,3789,4709
2026-06-10 09:15,4474,3770,4734
2026-06-10 09:20,4672,3619,5180
2026-06-10 09:25,4369,3726,4914
2026-06-10 09:30,4149,3561,4836
2026-06-10 09:35,4240,3466,4898
2026-06-10 09:40,4670,3884,5159
2026-06-10 09:45,4344,3608,5007
2026-06-10 09:50,4372,3764,5127
2026-06-10 09:55,4723,3741,4941
2026-06-10 10:00,4357,3724,5242
2026-06-10 10:05,4766,3618,5028
2026-06-10 10:10,4673,3724,4754
2026-06-10 10:15,4496,3912,4980
2026-06-10 10:20,4555,3961,4854
2026-06-10 10:25,4507,3475,5303
2026-06-10 10:30,4244,3625,5186
2026-06-10 10:35,4466,3835,4960
2026-06-10 10:40,4895,3792,5458
2026-06-10 10:45,4415,3799,5058
2026-06-10 10:50,4876,3709,5255
2026-06-10 10:55,4325,3960,5009
2026-06-10 11:00,4406,3858,4995
2026-06-10 11:05,4636,3918,4943
2026-06-10 11:10,5033,3780,5273
2026-06-10 11:15,4915,3833,5543
2026-06-10 11:20,4833,3792,5212
2026-06-10 11:25,4853,3961,5574
2026-06-10 11:30,5128,3803,5157
2026-06-10 11:35,4946,3800,5269
2026-06-10 11:40,5142,3957,5373
2026-06-10 11:45,5142,4077,5312
2026-06-10 11:50,4583,4251,5176
2026-06-10 11:55,4691,4214,5250
2026-06-10 12:00,5287,3960,5743
2026-06-10 12:05,5042,4332,5561
2026-06-10 12:10,5114,4332,5601
2026-06-10 12:15,5304,4263,6002
2026-06-10 12:20,4860,3981,5783
2026-06-10 12:25,5354,4269,5437
2026-06-10 12:30,5429,4400,5585
2026-06-10 12:35,5428,4160,5806
2026-06-10 12:40,5272,4438,5871
2026-06-10 12:45,5575,4316,5657
2026-06-10 12:50,5114,4119,5683
2026-06-10 12:55,5594,4146,5965
2026-06-10 13:00,5677,4703,6168
2026-06-10 13:05,5303,4599,5665
2026-06-10 13:10,5486,4545,5913
2026-06-10 13:15,5614,4304,6002
2026-06-10 13:20,5423,4810,6137
2026-06-10 13:25,5529,4296,5833
2026-06-10 13:30,5768,4705,5995
2026-06-10 13:35,5652,4711,6416
2026-06-10 13:40,5849,4569,5968
2026-06-10 13:45,6005,4895,6301
2026-06-10 13:50,5976,4529,6470
2026-06-10 13:55,5414,4737,6034
2026-06-10 14:00,5962,5003,6500
2026-06-10 14:05,5535,4500,6864
2026-06-10 14:10,6207,4700,6948
2026-06-10 14:15,5980,4899,6162
2026-06-10 14:20,5721,4880,6584
2026-06-10 14:25,5599,4972,6692
2026-06-10 14:30,6200,4949,7106
2026-06-10 14:35,5978,4895,7069
2026-06-10 14:40,5926,5135,6846
2026-06-10 14:45,5899,5207,6442
2026-06-10 14:50,5908,5292,7228
2026-06-10 14:55,6342,5187,7135
2026-06-10 15:00,6470,5153,6760
2026-06-10 15:05,6369,4883,7377
2026-06-10 15:10,6396,5233,7531
2026-06-10 15:15,6323,5433,7450
2026-06-10 15:20,6306,4990,7563
2026-06-10 15:25,6396,5191,6812
2026-06-10 15:30,6715,5761,7758
2026-06-10 15:35,6923,5565,7136
2026-06-10 15:40,6745,5163,6950
2026-06-10 15:45,6527,5870,7669
2026-06-10 15:50,6435,5879,7949
2026-06-10 15:55,6923,5449,7395
2026-06-10 16:00,6761,5583,8187
2026-06-10 16:05,6944,5952,7599
2026-06-10 16:10,6518,5754,7364
2026-06-10 16:15,7129,5732,7911
2026-06-10 16:20,6912,5660,7688
2026-06-10 16:25,7628,5764,7667
2026-06-10 16:30,7542,5930,7678
2026-06-10 16:35,6821,6151,7607
2026-06-10 16:40,6853,6383,7593
2026-06-10 16:45,7824,6463,8487
2026-06-10 16:50,7005,6495,8131
2026-06-10 16:55,7212,6301,8576
2026-06-10 17:00,7454,5833,8750
2026-06-10 17:05,7109,6243,8337
2026-06-10 17:10,7614,6291,8554
2026-06-10 17:15,7866,6380,8031
2026-06-10 17:20,7289,6111,8357
2026-06-10 17:25,7897,6042,8409
2026-06-10 17:30,8245,6768,8542
2026-06-10 17:35,7759,6416,9353
2026-06-10 17:40,8479,6649,8508
2026-06-10 17:45,8281,6428,9355
2026-06-10 17:50,8396,6212,9274
2026-06-10 17:55,8110,7071,9297
2026-06-10 18:00,8711,6490,8738
2026-06-10 18:05,8030,6437,9487
2026-06-10 18:10,7923,6468,9411
2026-06-10 18:15,7852,6528,9392
2026-06-10 18:20,8555,6493,8774
2026-06-10 18:25,8375,6935,9514
2026-06-10 18:30,8224,7375,9645
2026-06-10 18:35,9072,6609,10063
2026-06-10 18:40,8965,7215,10152
2026-06-10 18:45,8327,7215,9317
2026-06-10 18:50,8234,7153,10516
2026-06-10 18:55,8937,7426,9652
2026-06-10 19:00,8527,7433,9663
2026-06-10 19:05,9258,7390,10308
2026-06-10 19:10,8827,7264,10259
2026-06-10 19:15,8810,7410,9656
2026-06-10 19:20,8916,7292,9842
2026-06-10 19:25,9604,7714,10454
2026-06-10 19:30,9207,7457,10230
2026-06-10 19:35,9846,7411,10246
2026-06-10 19:40,9809,7944,10025
2026-06-10 19:45,9047,8095,10569
2026-06-10 19:50,9728,8020,10896
2026-06-10 19:55,9640,7611,10718
2026-06-10 20:00,9995,7644,10720
2026-06-10 20:05,9413,8248,10799
2026-06-10 20:10,10104,7636,10466
2026-06-10 20:15,9741,8095,11522
2026-06-10 20:20,10212,8546,11492
2026-06-10 20:25,10073,8115,10860
2026-06-10 20:30,9658,8455,10934
2026-06-10 20:35,10875,7807,11123
2026-06-10 20:40,10572,8681,12245
2026-06-10 20:45,10335,8715,11567
2026-06-10 20:50,10546,8176,11586
2026-06-10 20:55,10436,8108,11349
2026-06-10 21:00,9845,8357,11868
2026-06-10 21:05,11090,8078,11950
2026-06-10 21:10,10698,8525,11590
2026-06-10 21:15,9895,8972,10940
2026-06-10 21:20,10360,8515,11451
2026-06-10 21:25,9517,8978,10927
2026-06-10 21:30,10352,8499,11186
2026-06-10 21:35,10345,8004,11672
2026-06-10 21:40,9803,8690,11360
2026-06-10 21:45,9944,7869,11522
2026-06-10 21:50,9499,8431,10503
2026-06-10 21:55,9645,7924,10513
2026-06-10 22:00,9238,7880,10844
2026-06-10 22:05,9057,7928,10659
2026-06-10 22:10,8975,7398,10138
2026-06-10 22:15,10053,8152,10551
2026-06-10 22:20,9945,7375,9860
2026-06-10 22:25,8873,7736,9829
2026-06-10 22:30,9766,7986,11105
2026-06-10 22:35,9650,7990,10175
2026-06-10 22:40,9669,7697,9821
2026-06-10 22:45,9534,7811,10851
2026-06-10 22:50,9462,7049,10374
2026-06-10 22:55,9383,7793,10105
2026-06-10 23:00,9275,7212,10585
2026-06-10 23:05,9465,6809,10452
2026-06-10 23:10,8640,7378,9735
2026-06-10 23:15,8922,7470,9766
2026-06-10 23:20,8499,6765,10246
2026-06-10 23:25,8376,7528,9401
2026-06-10 23:30,8804,7263,9755
2026-06-10 23:35,8092,7335,10060
2026-06-10 23:40,8161,6703,9383
2026-06-10 23:45,8859,7008,9428
2026-06-10 23:50,8543,6978,9013
2026-06-10 23:55,8679,6532,9273
2026-06-11 00:00,4122,3639,4649
2026-06-11 00:05,4600,3405,4979
2026-06-11 00:10,4396,3427,5061
2026-06-11 00:15,4235,3543,4671
2026-06-11 00:20,4186,3413,5065
2026-06-11 00:25,4551,3624,4774
2026-06-11 00:30,4449,3899,4830
2026-06-11 00:35,4594,3721,5071
2026-06-11 00:40,4382,3830,4780
2026-06-11 00:45,4540,3463,5173
2026-06-11 00:50,4168,3698,4740
2026-06-11 00:55,4302,3616,5266
2026-06-11 01:00,4733,3422,4976
2026-06-11 01:05,4314,3465,5204
2026-06-11 01:10,4220,3850,4760
2026-06-11 01:15,4493,3391,4971
2026-06-11 01:20,4384,3399,5261
2026-06-11 01:25,4572,3681,4708
2026-06-11 01:30,4198,3450,5132
2026-06-11 01:35,4589,3423,5165
2026-06-11 01:40,4429,3417,4728
2026-06-11 01:45,4230,3843,4790
2026-06-11 01:50,4733,3766,5000
2026-06-11 01:55,4556,3767,5152
2026-06-11 02:00,4262,3658,4811
2026-06-11 02:05,4644,3694,4646
2026-06-11 02:10,4499,3434,4812
2026-06-11 02:15,4503,3671,4697
2026-06-11 02:20,4375,3713,5086
2026-06-11 02:25,4189,3608,4861
2026-06-11 02:30,4630,3708,4663
2026-06-11 02:35,4488,3525,5200
2026-06-11 02:40,4320,3711,5166
2026-06-11 02:45,4344,3492,5225
2026-06-11 02:50,4367,3499,5101
2026-06-11 02:55,4245,3541,4684
2026-06-11 03:00,4736,3526,4881
2026-06-11 03:05,4416,3845,5104
2026-06-11 03:10,4160,3509,5200
2026-06-11 03:15,4241,3632,4826
2026-06-11 03:20,4159,3704,4926
2026-06-11 03:25,4513,3444,4926
2026-06-11 03:30,4557,3878,4706
2026-06-11 03:35,4252,3859,4623
2026-06-11 03:40,4451,3761,4776
2026-06-11 03:45,4479,3635,4670
2026-06-11 03:50,4130,3752,4679
2026-06-11 03:55,4617,3478,5172
2026-06-11 04:00,4333,3452,5060
2026-06-11 04:05,4559,3513,5114
2026-06-11 04:10,4462,3461,5039
2026-06-11 04:15,4283,3427,5141
2026-06-11 04:20,4417,3640,5011
2026-06-11 04:25,4653,3455,5143
2026-06-11 04:30,4482,3597,4955
2026-06-11 04:35,4173,3861,4689
2026-06-11 04:40,4718,3631,5081
2026-06-11 04:45,4371,3634,5061
2026-06-11 04:50,4557,3484,4915
2026-06-11 04:55,4669,3783,4887
2026-06-11 05:00,4271,3562,4828
2026-06-11 05:05,4268,3581,5249
2026-06-11 05:10,4124,3473,5212
2026-06-11 05:15,4717,3401,4833
2026-06-11 05:20,4247,3416,5238
2026-06-11 05:25,4407,3618,5010
2026-06-11 05:30,4639,3616,4926
2026-06-11 05:35,4733,3473,5088
2026-06-11 05:40,4553,3620,4948
2026-06-11 05:45,4462,3525,5253
2026-06-11 05:50,4339,3831,4659
2026-06-11 05:55,4152,3411,4687
2026-06-11 06:00,4286,3614,5104
2026-06-11 06:05,4262,3817,4661
2026-06-11 06:10,4156,3511,5249
2026-06-11 06:15,4486,3825,5228
2026-06-11 06:20,4129,3706,5056
2026-06-11 06:25,4495,3486,5183
2026-06-11 06:30,4619,3673,4604
2026-06-11 06:35,4577,3887,4950
2026-06-11 06:40,4699,3766,4668
2026-06-11 06:45,4368,3869,4919
2026-06-11 06:50,4532,3513,4721
2026-06-11 06:55,4269,3566,4677
2026-06-11 07:00,4236,3787,4824
2026-06-11 07:05,4446,3471,4649
2026-06-11 07:10,4253,3767,5207
2026-06-11 07:15,4291,3395,5037
2026-06-11 07:20,4175,3404,5130
2026-06-11 07:25,4257,3543,5145
2026-06-11 07:30,4390,3436,5140
2026-06-11 07:35,4290,3885,4712
2026-06-11 07:40,4234,3577,4616
2026-06-11 07:45,4599,3395,4999
2026-06-11 07:50,4509,3856,4714
2026-06-11 07:55,4679,3415,4898
2026-06-11 08:00,4520,3798,5020
2026-06-11 08:05,4275,3814,5116
2026-06-11 08:10,4230,3467,4924
2026-06-11 08:15,4145,3573,4731
2026-06-11 08:20,4371,3622,4733
2026-06-11 08:25,4481,3394,5166
2026-06-11 08:30,4675,3792,5261
2026-06-11 08:35,4729,3425,4852
2026-06-11 08:40,4520,3787,4833
2026-06-11 08:45,4266,3765,4996
2026-06-11 08:50,4660,3615,5289
2026-06-11 08:55,4684,3729,4734
2026-06-11 09:00,4349,3416,4726
2026-06-11 09:05,4185,3766,4769
2026-06-11 09:10,4347,3568,4923
2026-06-11 09:15,4370,3419,5160
2026-06-11 09:20,4469,3806,4890
2026-06-11 09:25,4518,3700,5250
2026-06-11 09:30,4409,3540,4834
2026-06-11 09:35,4160,3595,4988
2026-06-11 09:40,4612,3730,4919
2026-06-11 09:45,4516,3790,5299
2026-06-11 09:50,4706,3607,4982
2026-06-11 09:55,4192,3706,5106
2026-06-11 10:00,4379,3498,5328
2026-06-11 10:05,4444,3558,5190
2026-06-11 10:10,4606,3481,5317
2026-06-11 10:15,4350,3739,4792
2026-06-11 10:20,4631,3789,4811
2026-06-11 10:25,4409,3699,5036
2026-06-11 10:30,4366,3930,4741
2026-06-11 10:35,4734,3870,5366
2026-06-11 10:40,4304,3964,5305
2026-06-11 10:45,4494,3594,5483
2026-06-11 10:50,4692,4001,5419
2026-06-11 10:55,4964,3601,4866
2026-06-11 11:00,4839,3639,5454
2026-06-11 11:05,4416,3750,5140
2026-06-11 11:10,4531,3694,5121
2026-06-11 11:15,4703,4053,5098
2026-06-11 11:20,4730,4038,5631
2026-06-11 11:25,4471,3880,5091
2026-06-11 11:30,4647,4101,5522
2026-06-11 11:35,4839,3708,5501
2026-06-11 11:40,5099,4267,5339
2026-06-11 11:45,4705,4190,5155
2026-06-11 11:50,4883,4234,5639
2026-06-11 11:55,4929,4124,5510
2026-06-11 12:00,5303,3905,5411
2026-06-11 12:05,4686,4105,5848
2026-06-11 12:10,4883,3925,5671
2026-06-11 12:15,5121,4143,5590
2026-06-11 12:20,4888,4103,6052
2026-06-11 12:25,5422,4126,5996
2026-06-11 12:30,4919,4308,6092
2026-06-11 12:35,5050,4429,5652
2026-06-11 12:40,5329,4448,6131
2026-06-11 12:45,5481,4170,6038
2026-06-11 12:50,5012,4402,5946
2026-06-11 12:55,5582,4445,6336
2026-06-11 13:00,5644,4475,6345
2026-06-11 13:05,5023,4705,6063
2026-06-11 13:10,5197,4680,5838
2026-06-11 13:15,5156,4429,6203
2026-06-11 13:20,5385,4512,5784
2026-06-11 13:25,5483,4676,6221
2026-06-11 13:30,5534,4338,6405
2026-06-11 13:35,5840,4294,5966
2026-06-11 13:40,5561,4683,6156
2026-06-11 13:45,6066,4386,6365
2026-06-11 13:50,5875,4831,6417
2026-06-11 13:55,5926,4828,6431
2026-06-11 14:00,5430,4717,6283
2026-06-11 14:05,5888,4856,6886
2026-06-11 14:10,5498,4596,6695
2026-06-11 14:15,5677,5066,6703
2026-06-11 14:20,5819,5155,7004
2026-06-11 14:25,5932,4750,6419
2026-06-11 14:30,6081,5082,6322
2026-06-11 14:35,5712,5241,6463
2026-06-11 14:40,6203,4890,7129
2026-06-11 14:45,5917,5236,6754
2026-06-11 14:50,6231,4907,6474
2026-06-11 14:55,6024,5224,7244
2026-06-11 15:00,6402,5239,6714
2026-06-11 15:05,6021,5280,7182
2026-06-11 15:10,6654,5083,6795
2026-06-11 15:15,6211,5603,7366
2026-06-11 15:20,6741,5662,6822
2026-06-11 15:25,6339,5133,7010
2026-06-11 15:30,6519,5559,7237
2026-06-11 15:35,6393,5449,6918
2026-06-11 15:40,6852,5428,7712
2026-06-11 15:45,6884,5561,7317
2026-06-11 15:50,6528,5498,7061
2026-06-11 15:55,6828,5749,8136
2026-06-11 16:00,6751,5443,7178
2026-06-11 16:05,7019,5481,7531
2026-06-11 16:10,6524,5601,7483
2026-06-11 16:15,6684,6090,8041
2026-06-11 16:20,6591,5778,8043
2026-06-11 16:25,7088,5517,7837
2026-06-11 16:30,7489,5873,8087
2026-06-11 16:35,7645,6195,7694
2026-06-11 16:40,7769,6103,8612
2026-06-11 16:45,7120,5745,8453
2026-06-11 16:50,6938,6133,8612
2026-06-11 16:55,7365,6545,8682
2026-06-11 17:00,7552,6028,8642
2026-06-11 17:05,7565,5860,8839
2026-06-11 17:10,7798,6582,8543
2026-06-11 17:15,7451,6094,8924
2026-06-11 17:20,7478,6679,8707
2026-06-11 17:25,7893,6592,9150
2026-06-11 17:30,7390,6041,8182
2026-06-11 17:35,8020,6489,9069
2026-06-11 17:40,7881,6864,9432
2026-06-11 17:45,8492,6652,8683
2026-06-11 17:50,7625,6547,8537
2026-06-11 17:55,8313,7036,8865
2026-06-11 18:00,8024,7213,8666
2026-06-11 18:05,8530,6796,8724
2026-06-11 18:10,8250,7122,8941
2026-06-11 18:15,8340,7001,8716
2026-06-11 18:20,7845,7006,9901
2026-06-11 18:25,8762,7163,9025
2026-06-11 18:30,8402,7209,9874
2026-06-11 18:35,8387,7308,9473
2026-06-11 18:40,8770,7177,10102
2026-06-11 18:45,8478,7273,10228
2026-06-11 18:50,8971,7309,10003
2026-06-11 18:55,8452,7705,10078
2026-06-11 19:00,8488,7184,10452
2026-06-11 19:05,8997,7192,10381
2026-06-11 19:10,8998,7410,10020
2026-06-11 19:15,9282,7842,10823
2026-06-11 19:20,9363,8012,9820
2026-06-11 19:25,9048,7788,11031
2026-06-11 19:30,9390,7786,10582
2026-06-11 19:35,8885,7622,10094
2026-06-11 19:40,10092,7960,10785
2026-06-11 19:45,10107,7357,10645
2026-06-11 19:50,9232,7796,10348
2026-06-11 19:55,9104,7652,10243
2026-06-11 20:00,9369,8366,11040
2026-06-11 20:05,9937,8490,10752
2026-06-11 20:10,9187,8643,11521
2026-06-11 20:15,9386,8231,11332
2026-06-11 20:20,9850,8578,11793
2026-06-11 20:25,9800,8405,11594
2026-06-11 20:30,10562,7973,10979
2026-06-11 20:35,9526,8615,11014
2026-06-11 20:40,10291,8295,10730
2026-06-11 20:45,10733,8460,11931
2026-06-11 20:50,11001,8710,12165
2026-06-11 20:55,10878,9107,11665
2026-06-11 21:00,10170,8866,11875
2026-06-11 21:05,11086,9224,10970
2026-06-11 21:10,10460,8490,11629
2026-06-11 21:15,10648,8269,11966
2026-06-11 21:20,10653,8987,10683
2026-06-11 21:25,9780,8208,10911
2026-06-11 21:30,10712,8148,11749
2026-06-11 21:35,9907,7950,11392
2026-06-11 21:40,9900,8295,10862
2026-06-11 21:45,9907,8508,10955
2026-06-11 21:50,9851,7749,11299
2026-06-11 21:55,10383,8513,10853
2026-06-11 22:00,9761,7499,11434
2026-06-11 22:05,9711,7856,10317
2026-06-11 22:10,9613,8037,11178
2026-06-11 22:15,9413,7322,10769
2026-06-11 22:20,9828,7810,10430
2026-06-11 22:25,9185,7505,10258
2026-06-11 22:30,9916,7338,10589
2026-06-11 22:35,8823,7572,10150
2026-06-11 22:40,8855,7480,10006
2026-06-11 22:45,9152,7944,10711
2026-06-11 22:50,8444,7198,9863
2026-06-11 22:55,8905,7122,9570
2026-06-11 23:00,9404,7566,9921
2026-06-11 23:05,8854,7754,9984
2026-06-11 23:10,9406,6896,10439
2026-06-11 23:15,9066,7151,9126
2026-06-11 23:20,8591,7043,10373
2026-06-11 23:25,9152,7016,9396
2026-06-11 23:30,8390,7171,9555
2026-06-11 23:35,8294,7255,9780
2026-06-11 23:40,8814,6852,8834
2026-06-11 23:45,8277,6432,9618
2026-06-11 23:50,8839,6433,9389
2026-06-11 23:55,7682,6693,9694
2026-06-12 00:00,4238,3497,5094
2026-06-12 00:05,4337,3471,4818
2026-06-12 00:10,4194,3642,4644
2026-06-12 00:15,4517,3494,5018
2026-06-12 00:20,4294,3898,4699
2026-06-12 00:25,4119,3531,4710
2026-06-12 00:30,4299,3494,5072
2026-06-12 00:35,4599,3693,5197
2026-06-12 00:40,4381,3892,4665
2026-06-12 00:45,4422,3493,4996
2026-06-12 00:50,4229,3402,4815
2026-06-12 00:55,4370,3424,5249
2026-06-12 01:00,4164,3888,4731
2026-06-12 01:05,4118,3744,4613
2026-06-12 01:10,4312,3820,4942
2026-06-12 01:15,4523,3494,4770
2026-06-12 01:20,4622,3670,5177
2026-06-12 01:25,4465,3878,4745
2026-06-12 01:30,4389,3898,5015
2026-06-12 01:35,4644,3435,4745
2026-06-12 01:40,4563,3787,5076
2026-06-12 01:45,4138,3522,4952
2026-06-12 01:50,4554,3449,4795
2026-06-12 01:55,4425,3529,4634
2026-06-12 02:00,4663,3469,4671
2026-06-12 02:05,4169,3743,4961
2026-06-12 02:10,4665,3811,4832
2026-06-12 02:15,4525,3412,4690
2026-06-12 02:20,4509,3402,4695
2026-06-12 02:25,4496,3453,4701
2026-06-12 02:30,4391,3778,5282
2026-06-12 02:35,4268,3813,4850
2026-06-12 02:40,4725,3799,4857
2026-06-12 02:45,4127,3777,5191
2026-06-12 02:50,4661,3560,4843
2026-06-12 02:55,4549,3839,4678
2026-06-12 03:00,4216,3843,4819
2026-06-12 03:05,4438,3817,4753
2026-06-12 03:10,4576,3513,4760
2026-06-12 03:15,4722,3812,5215
2026-06-12 03:20,4356,3847,4714
2026-06-12 03:25,4333,3656,4754
2026-06-12 03:30,4580,3732,4976
2026-06-12 03:35,4377,3531,4648
2026-06-12 03:40,4724,3882,5085
2026-06-12 03:45,4190,3426,4652
2026-06-12 03:50,4572,3840,4774
2026-06-12 03:55,4477,3409,5097
2026-06-12 04:00,4606,3787,4990
2026-06-12 04:05,4148,3520,5022
2026-06-12 04:10,4641,3822,4607
2026-06-12 04:15,4456,3677,5207
2026-06-12 04:20,4180,3620,5081
2026-06-12 04:25,4557,3837,4873
2026-06-12 04:30,4629,3658,4874
2026-06-12 04:35,4700,3587,5050
2026-06-12 04:40,4220,3772,5278
2026-06-12 04:45,4191,3503,5132
2026-06-12 04:50,4601,3399,4650
2026-06-12 04:55,4128,3418,4805
2026-06-12 05:00,4669,3823,4946
2026-06-12 05:05,4421,3418,5074
2026-06-12 05:10,4713,3517,5238
2026-06-12 05:15,4259,3483,4674
2026-06-12 05:20,4608,3475,5255
2026-06-12 05:25,4663,3597,5218
2026-06-12 05:30,4663,3391,4630
2026-06-12 05:35,4466,3444,5284
2026-06-12 05:40,4498,3463,4670
2026-06-12 05:45,4358,3471,4638
2026-06-12 05:50,4522,3423,5212
2026-06-12 05:55,4145,3510,5239
2026-06-12 06:00,4665,3843,4943
2026-06-12 06:05,4500,3527,5066
2026-06-12 06:10,4353,3520,5054
2026-06-12 06:15,4189,3458,5169
2026-06-12 06:20,4257,3628,4856
2026-06-12 06:25,4122,3425,4950
2026-06-12 06:30,4206,3405,5281
2026-06-12 06:35,4326,3775,5075
2026-06-12 06:40,4198,3754,5039
2026-06-12 06:45,4458,3851,5248
2026-06-12 06:50,4321,3708,4921
2026-06-12 06:55,4127,3396,4664
2026-06-12 07:00,4192,3678,5012
2026-06-12 07:05,4655,3454,4832
2026-06-12 07:10,4192,3607,5271
2026-06-12 07:15,4363,3437,5119
2026-06-12 07:20,4197,3720,5212
2026-06-12 07:25,4648,3398,4619
2026-06-12 07:30,4209,3528,4659
2026-06-12 07:35,4538,3772,4735
2026-06-12 07:40,4259,3526,4671
2026-06-12 07:45,4509,3557,5021
2026-06-12 07:50,4432,3394,5209
2026-06-12 07:55,4128,3650,4656
2026-06-12 08:00,4717,3417,4988
2026-06-12 08:05,4716,3605,4748
2026-06-12 08:10,4235,3807,4984
2026-06-12 08:15,4727,3605,4855
2026-06-12 08:20,4224,3792,4625
2026-06-12 08:25,4605,3729,5094
2026-06-12 08:30,4651,3467,4931
2026-06-12 08:35,4197,3587,4962
2026-06-12 08:40,4603,3814,4938
2026-06-12 08:45,4175,3665,4784
2026-06-12 08:50,4464,3471,5084
2026-06-12 08:55,4291,3620,5212
2026-06-12 09:00,4565,3738,4709
2026-06-12 09:05,4678,3407,4953
2026-06-12 09:10,4233,3452,5249
2026-06-12 09:15,4174,3832,5005
2026-06-12 09:20,4552,3852,4911
2026-06-12 09:25,4145,3673,4732
2026-06-12 09:30,4461,3618,4813
2026-06-12 09:35,4500,3465,4781
2026-06-12 09:40,4324,3826,4796
2026-06-12 09:45,4654,3605,5145
2026-06-12 09:50,4277,3688,5224
2026-06-12 09:55,4172,3539,4835
2026-06-12 10:00,4189,3663,4655
2026-06-12 10:05,4445,3933,5085
2026-06-12 10:10,4236,3870,5103
2026-06-12 10:15,4486,3881,5087
2026-06-12 10:20,4331,3617,5298
2026-06-12 10:25,4672,3830,5196
2026-06-12 10:30,4684,3598,5184
2026-06-12 10:35,4844,3617,5274
2026-06-12 10:40,4846,3873,4938
2026-06-12 10:45,4859,3676,5091
2026-06-12 10:50,4640,3909,5056
2026-06-12 10:55,4793,3727,4915
2026-06-12 11:00,4629,3589,4883
2026-06-12 11:05,4393,3927,5281
2026-06-12 11:10,4749,3860,5482
2026-06-12 11:15,4820,4164,5123
2026-06-12 11:20,4494,3863,5626
2026-06-12 11:25,4626,3663,5495
2026-06-12 11:30,5022,3926,5644
2026-06-12 11:35,4754,4193,5021
2026-06-12 11:40,4559,3880,5562
2026-06-12 11:45,5065,3736,5580
2026-06-12 11:50,5216,4030,5640
2026-06-12 11:55,4760,4034,5384
2026-06-12 12:00,4906,3944,5478
2026-06-12 12:05,5097,3955,5585
2026-06-12 12:10,4949,3961,5707
2026-06-12 12:15,4900,3938,5519
2026-06-12 12:20,5267,4097,5757
2026-06-12 12:25,5370,4453,5674
2026-06-12 12:30,5130,4088,5802
2026-06-12 12:35,5446,4293,6148
2026-06-12 12:40,5543,4343,5871
2026-06-12 12:45,5062,4356,5533
2026-06-12 12:50,5261,4230,6116
2026-06-12 12:55,5590,4111,5615
2026-06-12 13:00,5232,4579,5706
2026-06-12 13:05,5313,4556,6232
2026-06-12 13:10,5638,4181,6012
2026-06-12 13:15,5726,4569,5843
2026-06-12 13:20,5143,4641,6173
2026-06-12 13:25,5153,4372,5906
2026-06-12 13:30,5281,4799,6172
2026-06-12 13:35,5338,4676,6405
2026-06-12 13:40,5334,4365,6550
2026-06-12 13:45,5466,4803,6290
2026-06-12 13:50,5475,4843,6142
2026-06-12 13:55,5407,4429,6503
2026-06-12 14:00,42826,5061,6317
2026-06-12 14:05,41519,4916,6133
2026-06-12 14:10,44744,4711,6683
2026-06-12 14:15,41728,4939,6299
2026-06-12 14:20,44673,4903,7017
2026-06-12 14:25,40152,4655,6537
2026-06-12 14:30,43287,5075,6674
2026-06-12 14:35,47664,4932,6446
2026-06-12 14:40,47029,4843,6873
2026-06-12 14:45,41556,4759,6929
2026-06-12 14:50,47357,4947,6602
2026-06-12 14:55,41955,4828,7267
2026-06-12 15:00,41498,4992,7488
2026-06-12 15:05,43416,5010,7528
2026-06-12 15:10,40964,5568,7622
2026-06-12 15:15,44467,5336,6863
2026-06-12 15:20,41126,5317,6850
2026-06-12 15:25,41071,5123,7148
2026-06-12 15:30,46595,5719,7815
2026-06-12 15:35,44016,5240,7404
2026-06-12 15:40,43397,5864,7765
2026-06-12 15:45,44698,5598,7251
2026-06-12 15:50,45000,5719,7329
2026-06-12 15:55,46464,5865,7948
2026-06-12 16:00,7056,5305,7618
2026-06-12 16:05,7279,5315,7754
2026-06-12 16:10,7298,5705,8240
2026-06-12 16:15,6877,5959,7532
2026-06-12 16:20,7024,6025,7722
2026-06-12 16:25,6777,5501,8487
2026-06-12 16:30,7650,5735,8356
2026-06-12 16:35,6900,6208,8449
2026-06-12 16:40,6924,5844,7866
2026-06-12 16:45,7141,5779,7647
2026-06-12 16:50,7423,5926,8016
2026-06-12 16:55,7640,6211,7882
2026-06-12 17:00,7883,6205,8725
2026-06-12 17:05,7369,5839,8566
2026-06-12 17:10,7170,6382,8922
2026-06-12 17:15,7972,6550,9168
2026-06-12 17:20,7852,6571,9099
2026-06-12 17:25,7954,6764,8743
2026-06-12 17:30,7322,6610,8340
2026-06-12 17:35,8072,6265,8890
2026-06-12 17:40,7934,6842,8765
2026-06-12 17:45,7858,6408,9122
2026-06-12 17:50,8132,6413,9172
2026-06-12 17:55,7693,6573,8519
2026-06-12 18:00,7768,6989,9126
2026-06-12 18:05,8537,7067,8590
2026-06-12 18:10,8175,6388,8963
2026-06-12 18:15,8385,6637,9872
2026-06-12 18:20,8587,7149,8841
2026-06-12 18:25,8587,7273,9260
2026-06-12 18:30,8577,6701,10138
2026-06-12 18:35,9107,7167,9766
2026-06-12 18:40,9068,6676,9223
2026-06-12 18:45,8562,7015,9359
2026-06-12 18:50,8193,7316,9510
2026-06-12 18:55,9075,7782,10364
2026-06-12 19:00,9340,7637,9656
2026-06-12 19:05,8379,7908,10139
2026-06-12 19:10,8843,7290,9566
2026-06-12 19:15,8492,7998,10052
2026-06-12 19:20,8707,7835,10274
2026-06-12 19:25,9474,8045,10221
2026-06-12 19:30,8952,7290,10050
2026-06-12 19:35,10012,7882,10016
2026-06-12 19:40,8812,8203,10778
2026-06-12 19:45,9866,7507,10450
2026-06-12 19:50,9060,7865,10676
2026-06-12 19:55,10113,7726,10154
2026-06-12 20:00,10250,7490,11539
2026-06-12 20:05,10410,7561,10481
2026-06-12 20:10,10126,8582,10841
2026-06-12 20:15,9979,7968,11333
2026-06-12 20:20,9619,8019,11765
2026-06-12 20:25,10535,8025,10964
2026-06-12 20:30,9613,8488,11521
2026-06-12 20:35,9777,8091,10624
2026-06-12 20:40,10931,8826,11304
2026-06-12 20:45,9901,8583,12128
2026-06-12 20:50,10452,8649,11292
2026-06-12 20:55,10438,8352,11098
2026-06-12 21:00,10769,8573,11018
2026-06-12 21:05,10368,8447,11790
2026-06-12 21:10,11080,8899,11328
2026-06-12 21:15,10901,9055,11492
2026-06-12 21:20,9894,8476,11447
2026-06-12 21:25,10218,8923,10593
2026-06-12 21:30,10256,8387,11319
2026-06-12 21:35,10089,8071,11294
2026-06-12 21:40,10356,8312,11930
2026-06-12 21:45,9918,8559,11084
2026-06-12 21:50,9226,8106,10559
2026-06-12 21:55,10056,7954,11602
2026-06-12 22:00,9806,8119,11399
2026-06-12 22:05,9753,7751,10984
2026-06-12 22:10,9003,7691,10222
2026-06-12 22:15,8917,7859,10996
2026-06-12 22:20,9919,8241,11291
2026-06-12 22:25,10013,7368,10651
2026-06-12 22:30,9798,7650,10454
2026-06-12 22:35,9831,7819,10474
2026-06-12 22:40,9055,7120,10756
2026-06-12 22:45,8973,7064,9925
2026-06-12 22:50,9548,7800,10386
2026-06-12 22:55,8498,7773,10561
2026-06-12 23:00,8982,6971,10457
2026-06-12 23:05,9024,7010,9891
2026-06-12 23:10,8852,7034,9495
2026-06-12 23:15,8309,7154,9553
2026-06-12 23:20,8458,7534,9212
2026-06-12 23:25,8318,7074,9084
2026-06-12 23:30,8950,6885,9165
2026-06-12 23:35,7905,7182,9189
2026-06-12 23:40,8395,6499,9045
2026-06-12 23:45,8467,6802,9613
2026-06-12 23:50,8774,6793,8798
2026-06-12 23:55,7680,6689,9657
2026-06-13 00:00,4878,3860,5929
2026-06-13 00:05,5216,4272,5257
2026-06-13 00:10,5091,4231,5723
2026-06-13 00:15,4641,4089,5772
2026-06-13 00:20,5271,3947,5305
2026-06-13 00:25,4847,3950,5299
2026-06-13 00:30,4904,4317,5687
2026-06-13 00:35,4664,3901,5435
2026-06-13 00:40,4998,3811,5497
2026-06-13 00:45,4889,3962,5285
2026-06-13 00:50,4636,4215,5411
2026-06-13 00:55,5181,4273,5857
2026-06-13 01:00,5053,4257,5570
2026-06-13 01:05,4967,4186,5813
2026-06-13 01:10,5122,4221,5861
2026-06-13 01:15,5053,3799,5308
2026-06-13 01:20,5288,4155,5828
2026-06-13 01:25,5210,4120,5331
2026-06-13 01:30,4847,4339,5669
2026-06-13 01:35,5262,3983,5751
2026-06-13 01:40,4868,4039,5619
2026-06-13 01:45,5174,4221,5636
2026-06-13 01:50,5078,3833,5588
2026-06-13 01:55,4979,4172,5337
2026-06-13 02:00,5301,4289,5724
2026-06-13 02:05,5217,4286,5779
2026-06-13 02:10,5267,4150,5257
2026-06-13 02:15,4744,3940,5278
2026-06-13 02:20,5052,3947,5337
2026-06-13 02:25,5168,3985,5164
2026-06-13 02:30,4809,4287,5883
2026-06-13 02:35,4916,3999,5377
2026-06-13 02:40,4830,4326,5336
2026-06-13 02:45,5045,4192,5281
2026-06-13 02:50,5183,3968,5675
2026-06-13 02:55,4675,3933,5429
2026-06-13 03:00,5301,4366,5903
2026-06-13 03:05,5206,3799,5732
2026-06-13 03:10,4992,3887,5518
2026-06-13 03:15,4706,4011,5272
2026-06-13 03:20,5243,3911,5367
2026-06-13 03:25,5137,4071,5213
2026-06-13 03:30,4936,4044,5415
2026-06-13 03:35,4650,3798,5831
2026-06-13 03:40,5211,4273,5273
2026-06-13 03:45,5282,4025,5906
2026-06-13 03:50,4921,4027,5369
2026-06-13 03:55,4628,4274,5390
2026-06-13 04:00,4755,3995,5871
2026-06-13 04:05,4770,3894,5525
2026-06-13 04:10,4757,4154,5462
2026-06-13 04:15,4714,3804,5556
2026-06-13 04:20,5188,4078,5245
2026-06-13 04:25,5136,4080,5918
2026-06-13 04:30,4939,4342,5821
2026-06-13 04:35,5121,3808,5295
2026-06-13 04:40,5181,3847,5444
2026-06-13 04:45,5028,3855,5338
2026-06-13 04:50,4834,3921,5774
2026-06-13 04:55,4693,4153,5723
2026-06-13 05:00,4751,4117,5638
2026-06-13 05:05,5095,3930,5529
2026-06-13 05:10,4652,3914,5528
2026-06-13 05:15,4655,4056,5288
2026-06-13 05:20,4790,4000,5401
2026-06-13 05:25,4661,4040,5791
2026-06-13 05:30,4645,4203,5320
2026-06-13 05:35,4876,4099,5919
2026-06-13 05:40,5297,4341,5859
2026-06-13 05:45,5181,4198,5595
2026-06-13 05:50,5265,3870,5196
2026-06-13 05:55,4616,4334,5220
2026-06-13 06:00,4949,3926,5243
2026-06-13 06:05,5202,3942,5734
2026-06-13 06:10,4628,3938,5590
2026-06-13 06:15,5012,4048,5505
2026-06-13 06:20,5109,3811,5233
2026-06-13 06:25,4635,4313,5189
2026-06-13 06:30,5107,4118,5512
2026-06-13 06:35,4895,3891,5543
2026-06-13 06:40,5278,4130,5266
2026-06-13 06:45,4868,4266,5783
2026-06-13 06:50,4854,4183,5858
2026-06-13 06:55,4627,4358,5404
2026-06-13 07:00,4847,4293,5333
2026-06-13 07:05,4682,4103,5564
2026-06-13 07:10,5052,4262,5810
2026-06-13 07:15,4915,4285,5309
2026-06-13 07:20,4620,4182,5608
2026-06-13 07:25,4820,4128,5793
2026-06-13 07:30,4766,4362,5834
2026-06-13 07:35,5050,4024,5731
2026-06-13 07:40,4975,4239,5440
2026-06-13 07:45,5291,3825,5667
2026-06-13 07:50,4919,4244,5812
2026-06-13 07:55,5078,4232,5846
2026-06-13 08:00,4898,4034,5528
2026-06-13 08:05,5164,3885,5853
2026-06-13 08:10,5175,4249,5718
2026-06-13 08:15,5107,4018,5531
2026-06-13 08:20,4965,4096,5713
2026-06-13 08:25,5136,3800,5278
2026-06-13 08:30,5107,4362,5374
2026-06-13 08:35,4804,4063,5795
2026-06-13 08:40,5100,4272,5704
2026-06-13 08:45,5145,3837,5278
2026-06-13 08:50,4898,4056,5197
2026-06-13 08:55,5003,4340,5439
2026-06-13 09:00,4749,3895,5450
2026-06-13 09:05,4991,3831,5326
2026-06-13 09:10,4663,4151,5801
2026-06-13 09:15,4744,4039,5355
2026-06-13 09:20,5253,3990,5669
2026-06-13 09:25,5123,3942,5542
2026-06-13 09:30,5291,4039,5665
2026-06-13 09:35,4938,4245,5666
2026-06-13 09:40,4701,4202,5284
2026-06-13 09:45,5268,4319,5908
2026-06-13 09:50,5211,4220,5783
2026-06-13 09:55,5193,4149,5231
2026-06-13 10:00,4715,4249,5748
2026-06-13 10:05,4766,4398,5437
2026-06-13 10:10,4917,4128,5441
2026-06-13 10:15,4847,4204,5986
2026-06-13 10:20,5262,4210,5576
2026-06-13 10:25,5304,4095,5428
2026-06-13 10:30,5333,3946,5756
2026-06-13 10:35,5147,4040,5506
2026-06-13 10:40,5445,4361,5484
2026-06-13 10:45,5417,4321,6086
2026-06-13 10:50,5134,4255,6041
2026-06-13 10:55,5515,4272,5811
2026-06-13 11:00,4972,4206,5535
2026-06-13 11:05,5490,4487,6263
2026-06-13 11:10,5051,4602,5955
2026-06-13 11:15,5169,4665,5572
2026-06-13 11:20,5486,4653,5590
2026-06-13 11:25,5677,4149,5572
2026-06-13 11:30,5073,4706,6012
2026-06-13 11:35,5494,4436,6274
2026-06-13 11:40,5429,4548,5662
2026-06-13 11:45,5221,4457,6144
2026-06-13 11:50,5261,4536,5866
2026-06-13 11:55,5184,4359,5811
2026-06-13 12:00,5515,4579,6638
2026-06-13 12:05,5274,4641,6673
2026-06-13 12:10,5244,4895,6435
2026-06-13 12:15,5718,4522,5889
2026-06-13 12:20,5793,4437,6662
2026-06-13 12:25,5773,5041,6487
2026-06-13 12:30,5793,4829,6343
2026-06-13 12:35,5474,4857,6127
2026-06-13 12:40,6118,4637,6391
2026-06-13 12:45,5564,4747,6985
2026-06-13 12:50,5608,5193,6849
2026-06-13 12:55,5792,4707,6441
2026-06-13 13:00,5936,5207,6718
2026-06-13 13:05,6306,5289,6562
2026-06-13 13:10,6155,5050,6458
2026-06-13 13:15,5800,5187,6366
2026-06-13 13:20,6136,5347,6852
2026-06-13 13:25,6203,5395,7262
2026-06-13 13:30,6140,4885,7215
2026-06-13 13:35,6121,5439,6807
2026-06-13 13:40,6356,4919,7429
2026-06-13 13:45,6262,5346,7446
2026-06-13 13:50,6758,5276,7472
2026-06-13 13:55,6436,5362,7439
2026-06-13 14:00,6260,4985,7742
2026-06-13 14:05,6608,5373,7640
2026-06-13 14:10,6461,5788,6933
2026-06-13 14:15,6166,5731,7258
2026-06-13 14:20,6595,5190,7572
2026-06-13 14:25,7034,5162,7861
2026-06-13 14:30,6330,5874,7491
2026-06-13 14:35,6964,5355,7952
2026-06-13 14:40,6655,5262,7760
2026-06-13 14:45,6443,5764,7318
2026-06-13 14:50,7047,5552,7340
2026-06-13 14:55,6977,5542,8140
2026-06-13 15:00,7328,5762,7433
2026-06-13 15:05,6960,5798,8265
2026-06-13 15:10,7100,5992,8222
2026-06-13 15:15,7461,6196,8427
2026-06-13 15:20,7747,5591,8238
2026-06-13 15:25,7594,5982,8463
2026-06-13 15:30,7197,6312,7893
2026-06-13 15:35,7810,5797,8589
2026-06-13 15:40,7710,6420,7815
2026-06-13 15:45,7257,6199,8340
2026-06-13 15:50,7571,5887,8246
2026-06-13 15:55,7688,6406,8050
2026-06-13 16:00,7744,6522,8523
2026-06-13 16:05,7908,6179,9282
2026-06-13 16:10,7572,6389,9299
2026-06-13 16:15,8356,6125,9092
2026-06-13 16:20,7844,6480,9208
2026-06-13 16:25,7998,6365,9545
2026-06-13 16:30,7531,6690,8600
2026-06-13 16:35,7825,6901,8558
2026-06-13 16:40,8178,6941,9057
2026-06-13 16:45,7788,6462,8833
2026-06-13 16:50,8754,6973,9222
2026-06-13 16:55,8545,6572,9811
2026-06-13 17:00,8273,6697,9216
2026-06-13 17:05,8418,7053,9747
2026-06-13 17:10,8340,6688,9486
2026-06-13 17:15,8312,6742,9386
2026-06-13 17:20,8517,6880,10236
2026-06-13 17:25,8717,7166,9452
2026-06-13 17:30,9381,7734,10422
2026-06-13 17:35,9406,6965,9985
2026-06-13 17:40,8663,7727,9347
2026-06-13 17:45,9407,7451,10373
2026-06-13 17:50,9604,7816,9623
2026-06-13 17:55,9301,7245,10675
2026-06-13 18:00,8775,7204,9546
2026-06-13 18:05,9753,7672,10822
2026-06-13 18:10,8872,8133,10646
2026-06-13 18:15,9164,8054,11049
2026-06-13 18:20,9459,7904,10651
2026-06-13 18:25,10132,7618,11032
2026-06-13 18:30,9652,8314,10761
2026-06-13 18:35,9668,7440,11083
2026-06-13 18:40,10387,7508,11167
2026-06-13 18:45,10334,7667,10890
2026-06-13 18:50,9534,8684,11732
2026-06-13 18:55,10286,8413,10608
2026-06-13 19:00,10535,8170,10895
2026-06-13 19:05,9611,8268,11333
2026-06-13 19:10,10240,7874,11911
2026-06-13 19:15,10585,8585,11991
2026-06-13 19:20,10015,8157,10697
2026-06-13 19:25,9744,8322,12204
2026-06-13 19:30,10432,9048,11785
2026-06-13 19:35,9898,9155,11124
2026-06-13 19:40,10577,8877,11206
2026-06-13 19:45,10562,8814,11791
2026-06-13 19:50,10149,9037,12546
2026-06-13 19:55,11083,9151,12249
2026-06-13 20:00,11115,9260,11813
2026-06-13 20:05,11061,9425,11767
2026-06-13 20:10,11290,8583,12960
2026-06-13 20:15,11860,9267,13243
2026-06-13 20:20,10424,9250,12087
2026-06-13 20:25,10862,8900,12666
2026-06-13 20:30,11637,9329,12573
2026-06-13 20:35,11369,9340,13502
2026-06-13 20:40,11587,9394,13146
2026-06-13 20:45,12341,10144,13177
2026-06-13 20:50,11460,9304,12159
2026-06-13 20:55,11346,9171,13732
2026-06-13 21:00,11400,10228,13811
2026-06-13 21:05,12463,9973,13141
2026-06-13 21:10,11434,9156,12209
2026-06-13 21:15,10836,9344,13241
2026-06-13 21:20,12001,10084,12983
2026-06-13 21:25,10867,9853,13466
2026-06-13 21:30,10987,8808,11867
2026-06-13 21:35,11779,9444,13190
2026-06-13 21:40,11808,9409,13132
2026-06-13 21:45,10504,9177,12569
2026-06-13 21:50,10453,8461,12993
2026-06-13 21:55,10225,9185,11825
2026-06-13 22:00,11545,8901,12666
2026-06-13 22:05,10446,8708,11530
2026-06-13 22:10,10236,8458,12521
2026-06-13 22:15,10775,8878,12002
2026-06-13 22:20,10622,8723,11339
2026-06-13 22:25,10949,8218,10944
2026-06-13 22:30,10265,8216,12095
2026-06-13 22:35,9715,8195,12133
2026-06-13 22:40,9620,8784,12276
2026-06-13 22:45,10406,7915,11195
2026-06-13 22:50,9620,8838,11789
2026-06-13 22:55,10490,8572,11979
2026-06-13 23:00,9484,8781,11581
2026-06-13 23:05,10112,8202,11366
2026-06-13 23:10,10015,8266,10426
2026-06-13 23:15,10416,8534,10961
2026-06-13 23:20,10308,8442,10827
2026-06-13 23:25,9479,7826,10980
2026-06-13 23:30,9855,7879,11116
2026-06-13 23:35,9153,7803,10997
2026-06-13 23:40,8993,7991,10008
2026-06-13 23:45,9001,7504,10978
2026-06-13 23:50,9930,7786,9777
2026-06-13 23:55,8672,8105,10774
2026-06-14 00:00,4638,4164,5874
2026-06-14 00:05,4720,4085,5607
2026-06-14 00:10,4769,3811,5810
2026-06-14 00:15,5279,4317,5491
2026-06-14 00:20,4913,3815,5565
2026-06-14 00:25,4787,4171,5794
2026-06-14 00:30,4957,3977,5169
2026-06-14 00:35,5194,4249,5564
2026-06-14 00:40,5290,4011,5484
2026-06-14 00:45,5048,4294,5630
2026-06-14 00:50,5172,4153,5710
2026-06-14 00:55,4760,4018,5580
2026-06-14 01:00,5253,3912,5626
2026-06-14 01:05,5090,4279,5162
2026-06-14 01:10,5191,4149,5210
2026-06-14 01:15,5123,3981,5189
2026-06-14 01:20,4890,3841,5227
2026-06-14 01:25,5287,4185,5808
2026-06-14 01:30,5033,4187,5280
2026-06-14 01:35,5302,4196,5914
2026-06-14 01:40,5014,4122,5482
2026-06-14 01:45,5115,3846,5789
2026-06-14 01:50,5125,4196,5599
2026-06-14 01:55,4938,4200,5580
2026-06-14 02:00,5009,3935,5474
2026-06-14 02:05,4768,4259,5608
2026-06-14 02:10,4907,4363,5567
2026-06-14 02:15,4655,3963,5398
2026-06-14 02:20,5270,4103,5821
2026-06-14 02:25,4889,4244,5256
2026-06-14 02:30,5057,4135,5764
2026-06-14 02:35,4806,4020,5211
2026-06-14 02:40,4771,3948,5616
2026-06-14 02:45,5055,4039,5756
2026-06-14 02:50,4939,4120,5722
2026-06-14 02:55,5099,4206,5375
2026-06-14 03:00,5245,4270,5603
2026-06-14 03:05,5036,3926,5378
2026-06-14 03:10,4697,4162,5607
2026-06-14 03:15,5206,3971,5763
2026-06-14 03:20,5062,3854,5433
2026-06-14 03:25,5044,4149,5246
2026-06-14 03:30,5061,3913,5429
2026-06-14 03:35,4788,4279,5297
2026-06-14 03:40,4924,4323,5195
2026-06-14 03:45,5274,4227,5643
2026-06-14 03:50,5171,4236,5760
2026-06-14 03:55,4996,4048,5758
2026-06-14 04:00,4732,4183,5882
2026-06-14 04:05,4809,4155,5690
2026-06-14 04:10,5033,3932,5295
2026-06-14 04:15,5138,3939,5636
2026-06-14 04:20,4852,4295,5265
2026-06-14 04:25,5007,4351,5722
2026-06-14 04:30,5065,4153,5322
2026-06-14 04:35,4712,3992,5228
2026-06-14 04:40,4788,4037,5374
2026-06-14 04:45,5163,4318,5446
2026-06-14 04:50,5013,4275,5901
2026-06-14 04:55,4704,4118,5376
2026-06-14 05:00,5143,4330,5528
2026-06-14 05:05,4837,4359,5649
2026-06-14 05:10,5205,4082,5238
2026-06-14 05:15,4920,3850,5792
2026-06-14 05:20,5216,4104,5654
2026-06-14 05:25,5285,4126,5713
2026-06-14 05:30,5182,4124,5305
2026-06-14 05:35,4953,4134,5849
2026-06-14 05:40,5256,4024,5718
2026-06-14 05:45,5013,4358,5297
2026-06-14 05:50,5243,3917,5279
2026-06-14 05:55,5178,3949,5356
2026-06-14 06:00,4843,4246,5201
2026-06-14 06:05,5184,3916,5711
2026-06-14 06:10,5167,4113,5751
2026-06-14 06:15,4882,3831,5657
2026-06-14 06:20,5270,4155,5545
2026-06-14 06:25,4969,4152,5164
2026-06-14 06:30,5146,4207,5328
2026-06-14 06:35,5266,4243,5164
2026-06-14 06:40,4949,3809,5496
2026-06-14 06:45,4980,3829,5827
2026-06-14 06:50,5264,4027,5345
2026-06-14 06:55,5263,3800,5926
2026-06-14 07:00,4902,3829,5442
2026-06-14 07:05,4677,3888,5388
2026-06-14 07:10,4864,3825,5467
2026-06-14 07:15,5189,3853,5313
2026-06-14 07:20,5120,4042,5235
2026-06-14 07:25,5050,4264,5165
2026-06-14 07:30,5003,4169,5792
2026-06-14 07:35,4908,3824,5531
2026-06-14 07:40,5210,4269,5816
2026-06-14 07:45,4692,3829,5771
2026-06-14 07:50,4793,4368,5258
2026-06-14 07:55,4808,3893,5269
2026-06-14 08:00,4808,3979,5751
2026-06-14 08:05,4949,4125,5278
2026-06-14 08:10,5133,3829,5467
2026-06-14 08:15,4956,3810,5204
2026-06-14 08:20,5291,3903,5506
2026-06-14 08:25,4612,4312,5410
2026-06-14 08:30,4912,3932,5486
2026-06-14 08:35,4990,3828,5171
2026-06-14 08:40,4985,4215,5872
2026-06-14 08:45,4667,4279,5231
2026-06-14 08:50,5281,3887,5531
2026-06-14 08:55,5103,3994,5532
2026-06-14 09:00,5244,3968,5167
2026-06-14 09:05,4750,4355,5836
2026-06-14 09:10,5010,4081,5257
2026-06-14 09:15,5132,3905,5447
2026-06-14 09:20,5287,3883,5683
2026-06-14 09:25,5061,4103,5239
2026-06-14 09:30,5122,4112,5793
2026-06-14 09:35,4795,4035,5884
2026-06-14 09:40,4626,4148,5184
2026-06-14 09:45,5193,4313,5763
2026-06-14 09:50,4779,4167,5459
2026-06-14 09:55,4664,3997,5632
2026-06-14 10:00,4783,4083,5328
2026-06-14 10:05,4982,3872,5608
2026-06-14 10:10,4754,4191,5878
2026-06-14 10:15,4784,4246,5753
2026-06-14 10:20,5233,4284,5466
2026-06-14 10:25,5108,4429,5556
2026-06-14 10:30,5098,4369,5336
2026-06-14 10:35,5250,4008,5942
2026-06-14 10:40,4874,4270,5558
2026-06-14 10:45,5006,4232,5515
2026-06-14 10:50,5030,4484,6015
2026-06-14 10:55,5235,4190,6153
2026-06-14 11:00,5137,4309,5954
2026-06-14 11:05,5111,4381,6028
2026-06-14 11:10,5306,4428,5960
2026-06-14 11:15,5328,4472,5599
2026-06-14 11:20,5534,4112,6037
2026-06-14 11:25,5341,4686,6370
2026-06-14 11:30,5722,4398,6234
2026-06-14 11:35,5205,4220,5968
2026-06-14 11:40,5574,4512,6432
2026-06-14 11:45,5199,4667,6173
2026-06-14 11:50,5355,4370,5799
2026-06-14 11:55,5159,4640,6172
2026-06-14 12:00,5930,4548,6630
2026-06-14 12:05,5667,4507,5865
2026-06-14 12:10,5442,4675,6470
2026-06-14 12:15,5948,4607,6315
2026-06-14 12:20,5637,4914,6011
2026-06-14 12:25,5713,4478,6746
2026-06-14 12:30,5402,4773,6602
2026-06-14 12:35,6030,4519,6159
2026-06-14 12:40,6134,4508,6782
2026-06-14 12:45,5762,4912,6892
2026-06-14 12:50,5966,5085,6343
2026-06-14 12:55,5731,4636,6567
2026-06-14 13:00,6339,4882,6843
2026-06-14 13:05,6289,5116,6611
2026-06-14 13:10,5798,4926,6358
2026-06-14 13:15,6136,4750,7272
2026-06-14 13:20,6493,5257,7297
2026-06-14 13:25,6492,5374,6637
2026-06-14 13:30,6161,5177,7207
2026-06-14 13:35,6149,5180,6992
2026-06-14 13:40,6253,5251,7168
2026-06-14 13:45,6410,5337,6665
2026-06-14 13:50,5993,5195,7430
2026-06-14 13:55,6884,5627,7193
2026-06-14 14:00,6646,5546,6936
2026-06-14 14:05,6780,5524,7258
2026-06-14 14:10,6533,5188,7539
2026-06-14 14:15,6504,5744,7736
2026-06-14 14:20,6203,5702,7007
2026-06-14 14:25,6812,5579,7605
2026-06-14 14:30,6583,5302,7074
2026-06-14 14:35,7078,5340,8116
2026-06-14 14:40,6601,5616,7779
2026-06-14 14:45,6870,5357,7367
2026-06-14 14:50,6639,5550,7343
2026-06-14 14:55,6977,6143,7622
2026-06-14 15:00,6956,5519,7978
2026-06-14 15:05,7195,5512,7838
2026-06-14 15:10,6979,5535,8280
2026-06-14 15:15,6850,5808,7750
2026-06-14 15:20,6893,6322,7866
2026-06-14 15:25,7749,6061,8601
2026-06-14 15:30,7334,6273,8288
2026-06-14 15:35,7897,5984,8877
2026-06-14 15:40,7501,6583,8514
2026-06-14 15:45,7903,6238,8049
2026-06-14 15:50,7676,6432,8889
2026-06-14 15:55,7889,6391,8274
2026-06-14 16:00,7538,6383,8726
2026-06-14 16:05,7782,6798,8484
2026-06-14 16:10,7692,6304,8835
2026-06-14 16:15,8348,6391,8716
2026-06-14 16:20,8101,6120,8773
2026-06-14 16:25,7595,6949,8771
2026-06-14 16:30,8093,6326,9101
2026-06-14 16:35,8481,6488,8460
2026-06-14 16:40,8655,6923,9551
2026-06-14 16:45,8000,6540,9811
2026-06-14 16:50,8449,6646,9143
2026-06-14 16:55,8911,7297,9909
2026-06-14 17:00,8960,7133,9635
2026-06-14 17:05,8541,7467,9008
2026-06-14 17:10,8900,6884,9659
2026-06-14 17:15,8269,6773,9200
2026-06-14 17:20,9050,6681,9636
2026-06-14 17:25,9231,7648,9443
2026-06-14 17:30,8828,7206,10061
2026-06-14 17:35,9456,7256,10279
2026-06-14 17:40,8738,6895,9524
2026-06-14 17:45,9134,7863,10152
2026-06-14 17:50,9452,6978,10104
2026-06-14 17:55,9048,7349,10426
2026-06-14 18:00,8850,7132,10731
2026-06-14 18:05,9014,7775,10219
2026-06-14 18:10,8872,7775,9970
2026-06-14 18:15,8854,7353,10003
2026-06-14 18:20,10000,8102,11199
2026-06-14 18:25,9168,8358,11226
2026-06-14 18:30,9112,7562,11349
2026-06-14 18:35,10261,7738,10715
2026-06-14 18:40,10013,7515,10990
2026-06-14 18:45,10218,8099,10934
2026-06-14 18:50,9374,8390,11768
2026-06-14 18:55,10544,7838,10813
2026-06-14 19:00,10291,8613,11521
2026-06-14 19:05,10285,8846,11551
2026-06-14 19:10,9991,8372,11413
2026-06-14 19:15,9654,8632,10954
2026-06-14 19:20,10438,8376,11252
2026-06-14 19:25,10423,9035,12207
2026-06-14 19:30,9707,8611,12338
2026-06-14 19:35,9918,8590,11756
2026-06-14 19:40,10384,8857,11415
2026-06-14 19:45,11064,9034,12403
2026-06-14 19:50,11103,9274,11208
2026-06-14 19:55,11555,8978,12404
2026-06-14 20:00,10395,8665,12731
2026-06-14 20:05,10984,9406,12665
2026-06-14 20:10,11147,8916,12799
2026-06-14 20:15,10960,9092,12740
2026-06-14 20:20,10462,9271,12629
2026-06-14 20:25,10612,9750,13250
2026-06-14 20:30,11692,9315,13417
2026-06-14 20:35,11165,9950,13228
2026-06-14 20:40,11773,10088,12382
2026-06-14 20:45,12156,9753,13491
2026-06-14 20:50,11679,9928,13184
2026-06-14 20:55,12217,9788,12390
2026-06-14 21:00,12442,10052,13425
2026-06-14 21:05,11771,9962,12656
2026-06-14 21:10,12017,9445,12136
2026-06-14 21:15,11613,9897,13784
2026-06-14 21:20,11385,8815,12972
2026-06-14 21:25,10810,9064,13234
2026-06-14 21:30,11898,8991,12976
2026-06-14 21:35,11926,8701,13444
2026-06-14 21:40,10610,8874,12069
2026-06-14 21:45,11076,9035,11958
2026-06-14 21:50,11625,9078,12552
2026-06-14 21:55,11414,9547,12135
2026-06-14 22:00,10435,8392,12463
2026-06-14 22:05,10229,9165,11754
2026-06-14 22:10,10496,8657,12724
2026-06-14 22:15,10700,8859,11925
2026-06-14 22:20,11078,8232,12451
2026-06-14 22:25,10370,8776,11919
2026-06-14 22:30,11131,8116,11973
2026-06-14 22:35,10416,8239,12148
2026-06-14 22:40,9896,8815,12056
2026-06-14 22:45,10723,8494,10764
2026-06-14 22:50,9820,8429,10808
2026-06-14 22:55,9585,8703,11584
2026-06-14 23:00,10600,8257,11252
2026-06-14 23:05,9521,8301,10805
2026-06-14 23:10,9213,8664,10719
2026-06-14 23:15,9689,8401,10617
2026-06-14 23:20,9931,8369,10723
2026-06-14 23:25,10253,7581,11364
2026-06-14 23:30,9041,7542,11405
2026-06-14 23:35,10088,7491,9915
2026-06-14 23:40,9118,7722,9982
2026-06-14 23:45,8851,7977,11093
2026-06-14 23:50,8911,7641,11110
2026-06-14 23:55,8636,7966,9740
2026-06-15 00:00,4418,3866,5262
2026-06-15 00:05,4284,3451,4895
2026-06-15 00:10,4666,3681,4755
2026-06-15 00:15,4617,3408,4843
2026-06-15 00:20,4345,3420,4857
2026-06-15 00:25,4573,3428,4613
2026-06-15 00:30,4578,3514,5121
2026-06-15 00:35,4136,3872,5042
2026-06-15 00:40,4129,3833,4623
2026-06-15 00:45,4675,3838,4861
2026-06-15 00:50,4152,3540,4903
2026-06-15 00:55,4351,3407,5233
2026-06-15 01:00,4433,3456,4791
2026-06-15 01:05,4653,3550,5045
2026-06-15 01:10,4468,3449,5279
2026-06-15 01:15,4501,3674,4702
2026-06-15 01:20,4200,3880,4768
2026-06-15 01:25,4398,3698,4777
2026-06-15 01:30,4283,3744,5031
2026-06-15 01:35,4552,3413,4620
2026-06-15 01:40,4562,3463,5043
2026-06-15 01:45,4416,3539,4863
2026-06-15 01:50,4461,3615,5196
2026-06-15 01:55,4635,3679,5183
2026-06-15 02:00,4200,3865,4972
2026-06-15 02:05,4576,3726,4717
2026-06-15 02:10,4698,3678,4790
2026-06-15 02:15,4663,3887,5004
2026-06-15 02:20,4680,3625,5082
2026-06-15 02:25,4477,3462,5282
2026-06-15 02:30,4329,3404,4934
2026-06-15 02:35,4657,3736,5178
2026-06-15 02:40,4678,3839,5282
2026-06-15 02:45,4408,3874,4693
2026-06-15 02:50,4598,3766,5178
2026-06-15 02:55,4727,3692,4875
2026-06-15 03:00,4664,3584,4679
2026-06-15 03:05,4512,3635,4632
2026-06-15 03:10,4384,3875,5228
2026-06-15 03:15,4127,3734,4759
2026-06-15 03:20,4525,3887,4973
2026-06-15 03:25,4637,3486,5169
2026-06-15 03:30,4443,3472,4937
2026-06-15 03:35,4148,3442,5165
2026-06-15 03:40,4583,3847,4936
2026-06-15 03:45,4679,3642,5012
2026-06-15 03:50,4166,3552,4971
2026-06-15 03:55,4179,3727,5287
2026-06-15 04:00,4299,3726,5176
2026-06-15 04:05,4492,3422,4711
2026-06-15 04:10,4121,3830,5038
2026-06-15 04:15,4480,3817,5242
2026-06-15 04:20,4538,3516,4675
2026-06-15 04:25,4338,3419,5245
2026-06-15 04:30,4383,3778,5065
2026-06-15 04:35,4582,3538,4790
2026-06-15 04:40,4492,3826,5018
2026-06-15 04:45,4204,3753,5090
2026-06-15 04:50,4568,3445,5288
2026-06-15 04:55,4191,3828,5274
2026-06-15 05:00,4358,3826,5254
2026-06-15 05:05,4330,3634,5084
2026-06-15 05:10,4409,3553,5248
2026-06-15 05:15,4313,3567,4840
2026-06-15 05:20,4167,3485,5190
2026-06-15 05:25,4486,3808,5005
2026-06-15 05:30,4318,3458,5082
2026-06-15 05:35,4491,3892,5070
2026-06-15 05:40,4175,3435,4833
2026-06-15 05:45,4380,3843,5145
2026-06-15 05:50,4306,3406,5093
2026-06-15 05:55,4150,3791,4724
2026-06-15 06:00,4145,3683,4979
2026-06-15 06:05,4206,3897,4674
2026-06-15 06:10,4732,3589,5122
2026-06-15 06:15,4704,3505,4704
2026-06-15 06:20,4680,3453,5186
2026-06-15 06:25,4184,3720,5155
2026-06-15 06:30,4669,3719,4862
2026-06-15 06:35,4495,3774,4644
2026-06-15 06:40,4637,3849,4867
2026-06-15 06:45,4615,3815,4824
2026-06-15 06:50,4260,3606,4711
2026-06-15 06:55,4564,3502,5151
2026-06-15 07:00,4382,3817,4782
2026-06-15 07:05,4592,3697,4804
2026-06-15 07:10,4419,3598,5099
2026-06-15 07:15,4689,3800,4817
2026-06-15 07:20,4614,3732,4651
2026-06-15 07:25,4304,3737,5102
2026-06-15 07:30,4728,3698,4694
2026-06-15 07:35,4254,3438,4804
2026-06-15 07:40,4596,3876,5290
2026-06-15 07:45,4350,3578,4692
2026-06-15 07:50,4559,3632,4845
2026-06-15 07:55,4507,3564,4982
2026-06-15 08:00,4672,3612,4867
2026-06-15 08:05,4271,3848,4621
2026-06-15 08:10,4632,3809,5211
2026-06-15 08:15,4617,3570,4706
2026-06-15 08:20,4379,3719,4652
2026-06-15 08:25,4197,3805,4902
2026-06-15 08:30,4341,3619,4780
2026-06-15 08:35,4405,3883,4777
2026-06-15 08:40,4407,3507,5269
2026-06-15 08:45,4455,3488,5290
2026-06-15 08:50,4594,3884,5007
2026-06-15 08:55,4392,3446,4622
2026-06-15 09:00,4265,3738,4843
2026-06-15 09:05,4518,3652,4641
2026-06-15 09:10,4352,3656,4974
2026-06-15 09:15,4699,3701,5182
2026-06-15 09:20,4493,3403,5104
2026-06-15 09:25,4447,3799,4754
2026-06-15 09:30,4629,3741,5060
2026-06-15 09:35,4597,3628,4932
2026-06-15 09:40,4331,3836,4967
2026-06-15 09:45,4196,3578,5241
2026-06-15 09:50,4422,3810,4774
2026-06-15 09:55,4225,3714,4868
2026-06-15 10:00,4602,3845,4761
2026-06-15 10:05,4366,3588,4757
2026-06-15 10:10,4498,3828,4755
2026-06-15 10:15,4300,3676,4882
2026-06-15 10:20,4776,3740,5075
2026-06-15 10:25,4791,3717,5101
2026-06-15 10:30,4531,3567,5245
2026-06-15 10:35,4341,3726,4981
2026-06-15 10:40,4329,3823,5397
2026-06-15 10:45,4580,3852,4820
2026-06-15 10:50,4708,3644,5444
2026-06-15 10:55,4791,3670,5467
2026-06-15 11:00,4455,3663,5308
2026-06-15 11:05,4489,3629,5451
2026-06-15 11:10,4929,3937,5168
2026-06-15 11:15,4981,4044,4925
2026-06-15 11:20,4816,4003,5532
2026-06-15 11:25,4986,3736,5247
2026-06-15 11:30,4733,4216,5492
2026-06-15 11:35,4900,3872,5598
2026-06-15 11:40,4971,3721,5637
2026-06-15 11:45,5203,4154,5496
2026-06-15 11:50,4774,3828,5141
2026-06-15 11:55,4973,4037,5234
2026-06-15 12:00,4828,4113,5752
2026-06-15 12:05,5137,3859,5812
2026-06-15 12:10,5214,4000,5865
2026-06-15 12:15,5293,4196,5404
2026-06-15 12:20,4728,4047,5514
2026-06-15 12:25,4762,4002,5944
2026-06-15 12:30,4883,4251,5668
2026-06-15 12:35,5423,4371,5946
2026-06-15 12:40,5195,4325,6014
2026-06-15 12:45,4896,4461,6061
2026-06-15 12:50,5470,4526,5980
2026-06-15 12:55,5250,4259,6250
2026-06-15 13:00,4998,4336,6009
2026-06-15 13:05,5413,4641,6006
2026-06-15 13:10,5036,4172,6279
2026-06-15 13:15,5323,4733,5914
2026-06-15 13:20,5624,4283,6074
2026-06-15 13:25,5447,4855,5789
2026-06-15 13:30,5625,4556,6396
2026-06-15 13:35,5425,4347,6683
2026-06-15 13:40,5836,4511,6081
2026-06-15 13:45,5725,4565,6753
2026-06-15 13:50,5611,4530,6402
2026-06-15 13:55,6127,4447,6598
2026-06-15 14:00,6158,4975,6042
2026-06-15 14:05,6137,4781,6802
2026-06-15 14:10,5967,4774,6121
2026-06-15 14:15,6249,4733,6598
2026-06-15 14:20,5695,4599,6699
2026-06-15 14:25,6115,5187,6455
2026-06-15 14:30,6350,4810,6978
2026-06-15 14:35,5815,4891,7032
2026-06-15 14:40,6018,5017,6910
2026-06-15 14:45,6246,4980,7132
2026-06-15 14:50,6574,4996,6658
2026-06-15 14:55,6296,4879,7057
2026-06-15 15:00,6615,5448,7197
2026-06-15 15:05,6737,5153,6627
2026-06-15 15:10,6301,5349,7088
2026-06-15 15:15,6003,5297,7442
2026-06-15 15:20,6466,5683,7747
2026-06-15 15:25,6190,5317,6836
2026-06-15 15:30,6183,5232,7499
2026-06-15 15:35,6703,5583,7262
2026-06-15 15:40,6855,5136,7775
2026-06-15 15:45,6918,5510,7449
2026-06-15 15:50,6666,5713,7445
2026-06-15 15:55,6484,5824,7569
2026-06-15 16:00,7001,6048,7538
2026-06-15 16:05,7013,5740,7455
2026-06-15 16:10,7064,6051,7410
2026-06-15 16:15,7473,6064,8364
2026-06-15 16:20,7491,5442,7791
2026-06-15 16:25,7046,5879,8392
2026-06-15 16:30,7637,5864,8444
2026-06-15 16:35,7274,5614,8272
2026-06-15 16:40,7446,5617,8419
2026-06-15 16:45,7769,5788,8373
2026-06-15 16:50,7305,6058,8615
2026-06-15 16:55,7250,5959,7780
2026-06-15 17:00,7809,6389,8291
2026-06-15 17:05,7277,5923,8219
2026-06-15 17:10,8093,6707,8945
2026-06-15 17:15,8053,6722,8651
2026-06-15 17:20,8115,6734,8633
2026-06-15 17:25,8336,6424,8322
2026-06-15 17:30,7534,6803,9147
2026-06-15 17:35,7509,6494,9423
2026-06-15 17:40,7467,6177,8354
2026-06-15 17:45,8318,6988,8804
2026-06-15 17:50,8433,6659,8583
2026-06-15 17:55,8401,6232,9129
2026-06-15 18:00,7914,7120,8867
2026-06-15 18:05,8169,6913,8889
2026-06-15 18:10,8825,6428,9360
2026-06-15 18:15,8414,6923,9522
2026-06-15 18:20,8617,6708,9983
2026-06-15 18:25,8215,6810,9585
2026-06-15 18:30,8388,6800,9979
2026-06-15 18:35,8050,7132,9632
2026-06-15 18:40,9267,7549,9892
2026-06-15 18:45,9224,7007,10302
2026-06-15 18:50,8736,6941,10013
2026-06-15 18:55,8388,7222,9643
2026-06-15 19:00,8470,7533,10269
2026-06-15 19:05,8394,7191,10342
2026-06-15 19:10,8768,7231,9465
2026-06-15 19:15,8711,7798,9752
2026-06-15 19:20,9286,7452,10330
2026-06-15 19:25,9107,7918,10184
2026-06-15 19:30,8888,7224,9914
2026-06-15 19:35,9956,7851,9863
2026-06-15 19:40,10053,8317,11075
2026-06-15 19:45,9973,7640,10317
2026-06-15 19:50,9173,8386,10401
2026-06-15 19:55,9954,8110,10431
2026-06-15 20:00,9911,8194,10710
2026-06-15 20:05,10428,8251,11145
2026-06-15 20:10,9707,8318,11254
2026-06-15 20:15,10165,8029,10795
2026-06-15 20:20,9595,7924,11350
2026-06-15 20:25,9895,7978,10587
2026-06-15 20:30,10073,8606,11642
2026-06-15 20:35,10685,8976,12144
2026-06-15 20:40,10546,8147,11489
2026-06-15 20:45,10931,8596,11511
2026-06-15 20:50,10308,8780,12036
2026-06-15 20:55,10663,8103,12252
2026-06-15 21:00,10840,8143,11312
2026-06-15 21:05,10525,9128,11121
2026-06-15 21:10,9879,8093,12352
2026-06-15 21:15,11035,7983,12309
2026-06-15 21:20,10061,7953,12184
2026-06-15 21:25,10691,8604,10992
2026-06-15 21:30,10779,8173,11376
2026-06-15 21:35,9492,8449,11895
2026-06-15 21:40,9930,8015,11569
2026-06-15 21:45,10333,8333,10490
2026-06-15 21:50,10424,7655,10663
2026-06-15 21:55,10053,8510,10534
2026-06-15 22:00,9113,8478,10775
2026-06-15 22:05,9905,8143,10460
2026-06-15 22:10,9227,7503,10472
2026-06-15 22:15,8876,8195,11264
2026-06-15 22:20,9911,8041,10364
2026-06-15 22:25,10019,7335,10146
2026-06-15 22:30,9171,8008,9799
2026-06-15 22:35,9096,7322,10742
2026-06-15 22:40,9604,7917,10374
2026-06-15 22:45,9002,7273,10548
2026-06-15 22:50,8590,7877,9434
2026-06-15 22:55,8701,7229,10212
2026-06-15 23:00,9545,7001,9340
2026-06-15 23:05,8471,7119,10391
2026-06-15 23:10,8967,7736,9984
2026-06-15 23:15,8561,7031,9587
2026-06-15 23:20,8242,6819,10104
2026-06-15 23:25,8469,7548,10032
2026-06-15 23:30,8301,7037,9720
2026-06-15 23:35,8809,7092,9416
2026-06-15 23:40,8610,7289,10068
2026-06-15 23:45,8541,6881,8942
2026-06-15 23:50,8628,6785,9223
2026-06-15 23:55,7755,6877,9061
2026-06-16 00:00,4688,3548,5045
2026-06-16 00:05,4123,3775,5187
2026-06-16 00:10,4133,3815,4979
2026-06-16 00:15,4155,3834,4976
2026-06-16 00:20,4707,3569,4985
2026-06-16 00:25,4734,3580,4971
2026-06-16 00:30,4302,3471,4777
2026-06-16 00:35,4696,3753,4832
2026-06-16 00:40,4425,3526,5079
2026-06-16 00:45,4648,3636,4842
2026-06-16 00:50,4668,3563,5052
2026-06-16 00:55,4667,3645,5119
2026-06-16 01:00,4628,3752,4759
2026-06-16 01:05,4669,3666,4792
2026-06-16 01:10,4158,3611,5017
2026-06-16 01:15,4554,3781,4865
2026-06-16 01:20,4276,3875,5202
2026-06-16 01:25,4173,3890,5059
2026-06-16 01:30,4149,3395,4739
2026-06-16 01:35,4533,3687,4792
2026-06-16 01:40,4469,3587,4952
2026-06-16 01:45,4190,3878,5280
2026-06-16 01:50,4355,3517,4988
2026-06-16 01:55,4370,3628,4668
2026-06-16 02:00,4383,3792,5147
2026-06-16 02:05,4706,3639,4868
2026-06-16 02:10,4649,3566,5155
2026-06-16 02:15,4653,3661,4744
2026-06-16 02:20,4733,3476,4662
2026-06-16 02:25,4232,3554,5025
2026-06-16 02:30,4604,3406,5062
2026-06-16 02:35,4241,3601,4868
2026-06-16 02:40,4606,3773,5230
2026-06-16 02:45,4428,3538,4808
2026-06-16 02:50,4158,3593,5216
2026-06-16 02:55,4196,3637,5018
2026-06-16 03:00,4151,3653,4648
2026-06-16 03:05,4724,3710,4796
2026-06-16 03:10,4239,3572,5120
2026-06-16 03:15,4171,3535,5218
2026-06-16 03:20,4493,3420,5161
2026-06-16 03:25,4422,3582,4855
2026-06-16 03:30,4403,3646,4748
2026-06-16 03:35,4447,3434,4885
2026-06-16 03:40,4338,3516,4669
2026-06-16 03:45,4134,3506,5253
2026-06-16 03:50,4202,3466,4840
2026-06-16 03:55,4473,3861,5235
2026-06-16 04:00,4471,3741,5110
2026-06-16 04:05,4352,3399,4678
2026-06-16 04:10,4716,3448,5019
2026-06-16 04:15,4255,3631,5294
2026-06-16 04:20,4271,3780,4608
2026-06-16 04:25,4133,3668,4808
2026-06-16 04:30,4180,3438,4673
2026-06-16 04:35,4468,3620,4639
2026-06-16 04:40,4735,3860,5157
2026-06-16 04:45,4198,3392,5127
2026-06-16 04:50,4428,3406,4798
2026-06-16 04:55,4471,3762,5162
2026-06-16 05:00,4441,3797,5258
2026-06-16 05:05,4396,3876,5072
2026-06-16 05:10,4649,3588,4882
2026-06-16 05:15,4239,3755,4999
2026-06-16 05:20,4587,3424,5221
2026-06-16 05:25,4612,3823,5108
2026-06-16 05:30,4483,3845,4952
2026-06-16 05:35,4683,3787,5001
2026-06-16 05:40,4236,3602,4760
2026-06-16 05:45,4193,3570,4987
2026-06-16 05:50,4319,3884,4933
2026-06-16 05:55,4382,3520,4637
2026-06-16 06:00,4682,3509,5228
2026-06-16 06:05,4249,3865,5213
2026-06-16 06:10,4650,3639,4673
2026-06-16 06:15,4223,3572,5272
2026-06-16 06:20,4359,3412,4888
2026-06-16 06:25,4129,3735,4973
2026-06-16 06:30,4329,3796,4737
2026-06-16 06:35,4468,3879,5192
2026-06-16 06:40,4389,3692,4800
2026-06-16 06:45,4560,3758,5290
2026-06-16 06:50,4417,3535,4750
2026-06-16 06:55,4158,3741,4986
2026-06-16 07:00,4403,3755,4698
2026-06-16 07:05,4360,3730,5246
2026-06-16 07:10,4415,3421,5116
2026-06-16 07:15,4429,3740,5202
2026-06-16 07:20,4202,3650,4822
2026-06-16 07:25,4665,3641,4670
2026-06-16 07:30,4562,3579,5123
2026-06-16 07:35,4503,3879,4683
2026-06-16 07:40,4307,3451,5091
2026-06-16 07:45,4350,3705,5177
2026-06-16 07:50,4205,3540,5234
2026-06-16 07:55,4733,3513,5228
2026-06-16 08:00,4251,3695,5072
2026-06-16 08:05,4608,3640,4629
2026-06-16 08:10,4568,3877,5091
2026-06-16 08:15,4582,3452,4928
2026-06-16 08:20,4269,3584,4615
2026-06-16 08:25,4551,3479,4721
2026-06-16 08:30,4254,3514,4800
2026-06-16 08:35,4654,3890,5076
2026-06-16 08:40,4468,3668,5281
2026-06-16 08:45,4187,3453,5205
2026-06-16 08:50,4553,3552,5022
2026-06-16 08:55,4379,3586,4999
2026-06-16 09:00,4170,3753,5067
2026-06-16 09:05,4591,3489,5093
2026-06-16 09:10,4586,3900,5044
2026-06-16 09:15,4468,3656,4726
2026-06-16 09:20,4402,3874,4842
2026-06-16 09:25,4261,3673,4754
2026-06-16 09:30,4241,3817,4851
2026-06-16 09:35,4724,3522,4765
2026-06-16 09:40,4508,3748,4878
2026-06-16 09:45,4569,3663,5060
2026-06-16 09:50,4580,3813,4819
2026-06-16 09:55,4414,3750,4759
2026-06-16 10:00,4390,3574,5230
2026-06-16 10:05,4606,3579,4714
2026-06-16 10:10,4681,3616,4984
2026-06-16 10:15,4316,3599,5160
2026-06-16 10:20,4381,3881,5350
2026-06-16 10:25,4677,3623,4949
2026-06-16 10:30,4852,3882,4909
2026-06-16 10:35,4791,3675,4986
2026-06-16 10:40,4833,3919,5324
2026-06-16 10:45,4539,3531,5058
2026-06-16 10:50,4454,3740,4811
2026-06-16 10:55,4963,4086,5426
2026-06-16 11:00,4693,3846,5096
2026-06-16 11:05,4913,3975,5131
2026-06-16 11:10,4755,4004,5373
2026-06-16 11:15,4863,3710,5112
2026-06-16 11:20,4954,4172,5101
2026-06-16 11:25,4476,3840,5063
2026-06-16 11:30,4808,3986,5120
2026-06-16 11:35,5000,4069,5657
2026-06-16 11:40,4789,3931,5242
2026-06-16 11:45,5135,3925,5322
2026-06-16 11:50,4816,3853,5570
2026-06-16 11:55,4838,4261,5515
2026-06-16 12:00,5095,4068,5292
2026-06-16 12:05,5054,4163,5651
2026-06-16 12:10,5319,4197,5490
2026-06-16 12:15,5282,4118,5866
2026-06-16 12:20,5258,4045,5506
2026-06-16 12:25,5249,4303,5636
2026-06-16 12:30,5383,4052,5702
2026-06-16 12:35,4850,4454,5566
2026-06-16 12:40,5173,4567,6165
2026-06-16 12:45,4910,4223,5923
2026-06-16 12:50,5084,4099,6208
2026-06-16 12:55,5653,4378,5721
2026-06-16 13:00,5309,4606,6090
2026-06-16 13:05,5235,4694,6154
2026-06-16 13:10,5743,4628,6189
2026-06-16 13:15,5130,4318,5825
2026-06-16 13:20,5468,4605,6482
2026-06-16 13:25,5356,4757,6103
2026-06-16 13:30,5275,4613,5972
2026-06-16 13:35,5956,4498,5843
2026-06-16 13:40,5738,4744,6065
2026-06-16 13:45,5859,4813,6623
2026-06-16 13:50,5480,4480,6554
2026-06-16 13:55,5865,4907,6312
2026-06-16 14:00,5796,4678,6026
2026-06-16 14:05,5976,5060,6406
2026-06-16 14:10,5491,5079,6772
2026-06-16 14:15,6086,5064,6804
2026-06-16 14:20,5930,4740,6704
2026-06-16 14:25,5725,5140,6789
2026-06-16 14:30,5643,5285,6986
2026-06-16 14:35,6375,5283,6953
2026-06-16 14:40,5997,4882,6939
2026-06-16 14:45,6010,4885,6550
2026-06-16 14:50,6037,4997,6751
2026-06-16 14:55,5855,5274,6937
2026-06-16 15:00,6097,5272,7483
2026-06-16 15:05,6487,5101,6749
2026-06-16 15:10,6185,5286,6936
2026-06-16 15:15,6787,5375,7074
2026-06-16 15:20,6440,5637,6986
2026-06-16 15:25,6345,5673,7127
2026-06-16 15:30,6694,5265,7613
2026-06-16 15:35,6918,5358,7022
2026-06-16 15:40,6353,5551,7132
2026-06-16 15:45,7115,5374,7517
2026-06-16 15:50,6803,5825,7804
2026-06-16 15:55,7119,5508,8079
2026-06-16 16:00,7313,5688,7187
2026-06-16 16:05,7325,5325,7956
2026-06-16 16:10,7099,6152,7482
2026-06-16 16:15,6608,5757,8287
2026-06-16 16:20,7325,5885,8166
2026-06-16 16:25,6933,5917,7436
2026-06-16 16:30,7200,5782,7644
2026-06-16 16:35,7547,5755,7689
2026-06-16 16:40,6799,5914,8722
2026-06-16 16:45,7197,6181,7878
2026-06-16 16:50,7912,6397,7759
2026-06-16 16:55,7578,5969,8583
2026-06-16 17:00,7427,6237,8541
2026-06-16 17:05,7808,6250,8200
2026-06-16 17:10,7962,6690,8875
2026-06-16 17:15,7196,6581,8357
2026-06-16 17:20,7756,6385,9074
2026-06-16 17:25,7439,6744,8249
2026-06-16 17:30,7772,6810,8293
2026-06-16 17:35,7528,6141,9241
2026-06-16 17:40,8164,6709,8980
2026-06-16 17:45,7506,6405,8561
2026-06-16 17:50,8501,6783,9486
2026-06-16 17:55,8484,6631,8796
2026-06-16 18:00,8303,6580,9441
2026-06-16 18:05,8362,7070,9006
2026-06-16 18:10,8656,6697,9376
2026-06-16 18:15,8588,7084,9651
2026-06-16 18:20,7894,7062,9456
2026-06-16 18:25,8991,6768,9338
2026-06-16 18:30,8867,6561,10149
2026-06-16 18:35,8192,6633,9068
2026-06-16 18:40,8777,7458,9132
2026-06-16 18:45,9241,7176,10162
2026-06-16 18:50,9021,6793,10135
2026-06-16 18:55,9106,7382,9646
2026-06-16 19:00,8935,7450,10035
2026-06-16 19:05,9023,7277,10262
2026-06-16 19:10,8913,7738,9852
2026-06-16 19:15,9447,7322,10123
2026-06-16 19:20,9085,7830,10934
2026-06-16 19:25,9687,7098,10945
2026-06-16 19:30,9872,7453,11085
2026-06-16 19:35,9027,7871,10402
2026-06-16 19:40,9637,8263,10463
2026-06-16 19:45,9581,7951,10678
2026-06-16 19:50,9935,8391,10253
2026-06-16 19:55,9937,7553,10388
2026-06-16 20:00,10184,8547,11512
2026-06-16 20:05,9253,8441,11693
2026-06-16 20:10,10505,7966,10778
2026-06-16 20:15,10579,8633,11542
2026-06-16 20:20,10618,8684,11457
2026-06-16 20:25,9852,7930,10919
2026-06-16 20:30,9913,7957,11102
2026-06-16 20:35,10720,7979,11188
2026-06-16 20:40,9884,8541,12180
2026-06-16 20:45,9862,8834,11572
2026-06-16 20:50,10197,8117,11665
2026-06-16 20:55,11173,8418,11170
2026-06-16 21:00,10895,9156,11285
2026-06-16 21:05,10561,8684,11877
2026-06-16 21:10,10363,8504,11297
2026-06-16 21:15,10937,8948,11925
2026-06-16 21:20,9759,8389,11174
2026-06-16 21:25,10635,8409,10776
2026-06-16 21:30,9579,8416,10667
2026-06-16 21:35,10723,8633,11662
2026-06-16 21:40,10405,8129,11424
2026-06-16 21:45,9839,8098,11730
2026-06-16 21:50,10440,7700,10504
2026-06-16 21:55,9682,7999,11357
2026-06-16 22:00,9329,7694,11316
2026-06-16 22:05,9407,8289,11276
2026-06-16 22:10,10124,7958,10604
2026-06-16 22:15,9730,7955,11226
2026-06-16 22:20,8810,7621,11250
2026-06-16 22:25,9472,7789,10043
2026-06-16 22:30,9211,8136,10451
2026-06-16 22:35,8885,8069,10534
2026-06-16 22:40,9420,7102,10284
2026-06-16 22:45,9105,7940,10379
2026-06-16 22:50,9390,7865,9555
2026-06-16 22:55,8781,7286,10001
2026-06-16 23:00,8666,7139,9871
2026-06-16 23:05,9451,7250,9889
2026-06-16 23:10,8339,6838,10446
2026-06-16 23:15,9271,7215,10215
2026-06-16 23:20,8805,7442,9476
2026-06-16 23:25,8841,7141,9327
2026-06-16 23:30,9154,7334,8999
2026-06-16 23:35,8960,6666,9585
2026-06-16 23:40,8056,6486,10024
2026-06-16 23:45,8750,6465,9219
2026-06-16 23:50,7811,6735,9917
2026-06-16 23:55,7816,7136,8987
2026-06-17 00:00,4288,3512,4618
2026-06-17 00:05,4308,3872,4838
2026-06-17 00:10,4195,3625,4759
2026-06-17 00:15,4202,3797,4790
2026-06-17 00:20,4667,3756,4685
2026-06-17 00:25,4464,3883,4726
2026-06-17 00:30,4300,3462,4737
2026-06-17 00:35,4642,3461,4931
2026-06-17 00:40,4686,3900,4876
2026-06-17 00:45,4135,3427,4846
2026-06-17 00:50,4540,3740,4899
2026-06-17 00:55,4123,3746,5166
2026-06-17 01:00,4238,3533,5081
2026-06-17 01:05,4165,3603,4765
2026-06-17 01:10,4549,3423,5271
2026-06-17 01:15,4426,3577,4999
2026-06-17 01:20,4265,3731,5143
2026-06-17 01:25,4186,3550,5060
2026-06-17 01:30,4668,3709,5066
2026-06-17 01:35,4262,3594,5266
2026-06-17 01:40,4550,3734,4926
2026-06-17 01:45,4569,3460,4768
2026-06-17 01:50,4392,3495,5018
2026-06-17 01:55,4435,3391,4952
2026-06-17 02:00,4508,3762,4998
2026-06-17 02:05,4138,3595,5198
2026-06-17 02:10,4361,3545,5136
2026-06-17 02:15,4728,3446,5212
2026-06-17 02:20,4477,3530,5082
2026-06-17 02:25,4685,3532,4870
2026-06-17 02:30,4261,3671,4820
2026-06-17 02:35,4644,3514,4706
2026-06-17 02:40,4387,3456,4724
2026-06-17 02:45,4184,3404,4670
2026-06-17 02:50,4484,3808,4710
2026-06-17 02:55,4330,3623,5172
2026-06-17 03:00,4415,3886,5075
2026-06-17 03:05,4616,3896,5178
2026-06-17 03:10,4388,3795,4612
2026-06-17 03:15,4131,3459,4826
2026-06-17 03:20,4237,3413,4720
2026-06-17 03:25,4520,3888,4829
2026-06-17 03:30,4485,3843,5185
2026-06-17 03:35,4382,3865,5153
2026-06-17 03:40,4533,3506,4706
2026-06-17 03:45,4462,3764,5097
2026-06-17 03:50,4635,3703,5071
2026-06-17 03:55,4291,3574,5089
2026-06-17 04:00,4205,3501,4812
2026-06-17 04:05,4243,3505,5085
2026-06-17 04:10,4245,3768,4735
2026-06-17 04:15,4168,3444,5274
2026-06-17 04:20,4697,3485,4712
2026-06-17 04:25,4167,3518,4875
2026-06-17 04:30,4737,3662,5180
2026-06-17 04:35,4625,3494,4826
2026-06-17 04:40,4675,3613,5225
2026-06-17 04:45,4168,3636,5080
2026-06-17 04:50,4343,3663,4634
2026-06-17 04:55,4525,3899,4799
2026-06-17 05:00,4670,3809,5116
2026-06-17 05:05,4137,3825,4846
2026-06-17 05:10,4431,3701,5158
2026-06-17 05:15,4732,3708,4928
2026-06-17 05:20,4330,3802,5166
2026-06-17 05:25,4701,3417,5202
2026-06-17 05:30,4391,3696,5280
2026-06-17 05:35,4284,3589,5053
2026-06-17 05:40,4348,3616,4883
2026-06-17 05:45,4607,3830,4805
2026-06-17 05:50,4414,3705,4878
2026-06-17 05:55,4262,3893,4607
2026-06-17 06:00,4271,3752,5142
2026-06-17 06:05,4494,3708,5281
2026-06-17 06:10,4446,3610,5011
2026-06-17 06:15,4672,3789,4942
2026-06-17 06:20,4469,3801,4698
2026-06-17 06:25,4195,3402,5103
2026-06-17 06:30,4226,3665,4887
2026-06-17 06:35,4251,3445,4741
2026-06-17 06:40,4357,3669,5102
2026-06-17 06:45,4605,3852,4612
2026-06-17 06:50,4508,3483,4991
2026-06-17 06:55,4320,3615,4869
2026-06-17 07:00,4603,3806,4976
2026-06-17 07:05,4515,3857,5120
2026-06-17 07:10,4186,3774,5018
2026-06-17 07:15,4616,3707,4635
2026-06-17 07:20,4613,3860,4927
2026-06-17 07:25,4663,3471,4843
2026-06-17 07:30,4317,3623,5118
2026-06-17 07:35,4331,3591,5161
2026-06-17 07:40,4220,3732,4967
2026-06-17 07:45,4189,3548,4869
2026-06-17 07:50,4272,3677,4629
2026-06-17 07:55,4243,3741,4956
2026-06-17 08:00,4228,3754,5104
2026-06-17 08:05,4408,3801,5065
2026-06-17 08:10,4329,3733,5206
2026-06-17 08:15,4690,3862,5159
2026-06-17 08:20,4495,3461,5107
2026-06-17 08:25,4678,3885,5092
2026-06-17 08:30,4544,3723,4806
2026-06-17 08:35,4552,3690,4889
2026-06-17 08:40,4132,3569,5043
2026-06-17 08:45,4321,3471,4651
2026-06-17 08:50,4127,3412,4603
2026-06-17 08:55,4252,3734,4881
2026-06-17 09:00,4221,3893,5126
2026-06-17 09:05,4190,3597,4721
2026-06-17 09:10,4628,3507,4993
2026-06-17 09:15,4386,3620,5107
2026-06-17 09:20,4153,3525,4629
2026-06-17 09:25,4588,3394,5067
2026-06-17 09:30,4313,3749,4944
2026-06-17 09:35,4454,3605,5030
2026-06-17 09:40,4161,3773,5080
2026-06-17 09:45,4639,3521,4885
2026-06-17 09:50,4210,3422,5151
2026-06-17 09:55,4337,3742,5183
2026-06-17 10:00,4254,3716,5144
2026-06-17 10:05,4788,3540,5009
2026-06-17 10:10,4630,3457,4728
2026-06-17 10:15,4662,3715,4717
2026-06-17 10:20,4355,3726,4720
2026-06-17 10:25,4548,3481,5125
2026-06-17 10:30,4795,3981,5316
2026-06-17 10:35,4276,3707,5143
2026-06-17 10:40,4408,3854,4823
2026-06-17 10:45,4286,3952,5359
2026-06-17 10:50,4381,3578,4997
2026-06-17 10:55,4921,3840,5129
2026-06-17 11:00,4959,3688,4880
2026-06-17 11:05,4491,3628,5199
2026-06-17 11:10,4495,3636,5395
2026-06-17 11:15,5009,4003,5328
2026-06-17 11:20,4588,4041,5030
2026-06-17 11:25,4521,3958,5111
2026-06-17 11:30,5043,3916,5488
2026-06-17 11:35,5022,3951,5240
2026-06-17 11:40,4991,3995,5198
2026-06-17 11:45,4805,3787,5592
2026-06-17 11:50,4846,3826,5162
2026-06-17 11:55,4772,3888,5670
2026-06-17 12:00,4663,4072,5246
2026-06-17 12:05,4832,3948,5479
2026-06-17 12:10,5050,3931,5714
2026-06-17 12:15,4850,4052,5785
2026-06-17 12:20,5348,4202,5573
2026-06-17 12:25,5384,4260,5895
2026-06-17 12:30,5002,4018,5904
2026-06-17 12:35,4857,4029,5453
2026-06-17 12:40,5566,4036,6052
2026-06-17 12:45,5294,4591,5892
2026-06-17 12:50,5506,4608,5784
2026-06-17 12:55,5469,4299,5919
2026-06-17 13:00,5210,4203,5828
2026-06-17 13:05,5341,4303,5635
2026-06-17 13:10,5309,4150,5759
2026-06-17 13:15,5804,4278,6478
2026-06-17 13:20,5286,4470,6286
2026-06-17 13:25,5871,4456,6270
2026-06-17 13:30,5600,4533,5858
2026-06-17 13:35,5602,4832,6128
2026-06-17 13:40,6016,4497,6205
2026-06-17 13:45,5549,4900,6435
2026-06-17 13:50,5911,4978,6613
2026-06-17 13:55,6011,4814,6143
2026-06-17 14:00,5984,4980,6085
2026-06-17 14:05,5982,4753,6699
2026-06-17 14:10,5992,4945,6929
2026-06-17 14:15,5999,4866,6273
2026-06-17 14:20,6093,4580,6609
2026-06-17 14:25,6185,5082,6395
2026-06-17 14:30,6445,4634,7054
2026-06-17 14:35,6487,4829,7262
2026-06-17 14:40,6172,4890,7192
2026-06-17 14:45,5810,5217,6445
2026-06-17 14:50,5864,4959,6586
2026-06-17 14:55,6105,5277,7055
2026-06-17 15:00,6249,5006,7054
2026-06-17 15:05,6414,4982,7219
2026-06-17 15:10,5995,5144,7504
2026-06-17 15:15,6676,5521,6999
2026-06-17 15:20,6206,5123,7021
2026-06-17 15:25,6265,5100,7080
2026-06-17 15:30,6488,5307,6851
2026-06-17 15:35,6340,5622,6902
2026-06-17 15:40,6512,5556,7221
2026-06-17 15:45,6741,5310,7747
2026-06-17 15:50,7087,5528,7184
2026-06-17 15:55,7043,5986,8137
2026-06-17 16:00,7167,5478,7962
2026-06-17 16:05,7163,5732,7999
2026-06-17 16:10,7304,5819,8309
2026-06-17 16:15,7406,5561,8233
2026-06-17 16:20,7412,5713,7402
2026-06-17 16:25,7027,5686,8253
2026-06-17 16:30,7045,5769,7845
2026-06-17 16:35,6876,6299,7954
2026-06-17 16:40,7256,5891,7649
2026-06-17 16:45,7246,5940,7642
2026-06-17 16:50,6996,6161,8055
2026-06-17 16:55,7682,5838,7954
2026-06-17 17:00,7185,5812,8068
2026-06-17 17:05,7823,6200,8471
2026-06-17 17:10,7940,5857,8940
2026-06-17 17:15,7253,6766,9149
2026-06-17 17:20,7850,6066,8221
2026-06-17 17:25,8285,6559,9048
2026-06-17 17:30,7767,6770,9160
2026-06-17 17:35,7383,6448,9155
2026-06-17 17:40,8379,6497,9051
2026-06-17 17:45,7908,7015,8489
2026-06-17 17:50,8150,6394,8521
2026-06-17 17:55,7952,6698,9064
2026-06-17 18:00,8289,6884,9281
2026-06-17 18:05,7892,7050,9790
2026-06-17 18:10,8812,7065,9110
2026-06-17 18:15,8114,7330,9039
2026-06-17 18:20,8548,7133,9748
2026-06-17 18:25,8698,7072,9153
2026-06-17 18:30,8148,7253,9693
2026-06-17 18:35,8828,7189,9174
2026-06-17 18:40,9057,6726,9122
2026-06-17 18:45,8960,7231,9319
2026-06-17 18:50,8585,6984,9769
2026-06-17 18:55,8683,7334,10211
2026-06-17 19:00,8538,7774,10095
2026-06-17 19:05,8868,7790,10515
2026-06-17 19:10,8979,7850,9972
2026-06-17 19:15,8901,7560,10003
2026-06-17 19:20,8641,7860,9730
2026-06-17 19:25,8864,7910,9881
2026-06-17 19:30,9070,7592,10986
2026-06-17 19:35,9866,7427,10548
2026-06-17 19:40,8850,8244,10179
2026-06-17 19:45,9110,7718,10547
2026-06-17 19:50,9976,8351,11329
2026-06-17 19:55,9783,7590,11133
2026-06-17 20:00,9447,8021,10594
2026-06-17 20:05,9909,7856,11178
2026-06-17 20:10,9620,8197,10516
2026-06-17 20:15,10213,7751,10716
2026-06-17 20:20,10378,8195,11140
2026-06-17 20:25,10309,8460,11799
2026-06-17 20:30,9504,8587,11379
2026-06-17 20:35,9867,8475,11589
2026-06-17 20:40,10794,8139,11224
2026-06-17 20:45,10741,8214,12342
2026-06-17 20:50,10027,8894,12415
2026-06-17 20:55,11022,9081,11905
2026-06-17 21:00,9875,8707,11207
2026-06-17 21:05,10712,9097,12437
2026-06-17 21:10,10896,8503,10967
2026-06-17 21:15,10791,8915,10763
2026-06-17 21:20,10438,8904,11778
2026-06-17 21:25,9857,8310,10784
2026-06-17 21:30,9643,8043,10564
2026-06-17 21:35,9958,8467,11952
2026-06-17 21:40,9980,7712,10467
2026-06-17 21:45,10127,8724,11644
2026-06-17 21:50,9221,8125,11129
2026-06-17 21:55,10395,7937,10593
2026-06-17 22:00,9306,8138,11477
2026-06-17 22:05,9401,7888,11134
2026-06-17 22:10,9176,7572,10824
2026-06-17 22:15,8911,8249,10831
2026-06-17 22:20,9968,8184,10855
2026-06-17 22:25,9241,7245,10303
2026-06-17 22:30,8807,7326,10865
2026-06-17 22:35,9846,8087,9644
2026-06-17 22:40,9771,7379,10078
2026-06-17 22:45,8697,7420,9875
2026-06-17 22:50,8450,7510,10316
2026-06-17 22:55,9619,7212,10308
2026-06-17 23:00,9386,6988,9456
2026-06-17 23:05,8416,7398,9357
2026-06-17 23:10,9086,7338,9922
2026-06-17 23:15,8203,7261,9989
2026-06-17 23:20,9023,7369,9397
2026-06-17 23:25,8797,6673,9257
2026-06-17 23:30,9040,7156,9846
2026-06-17 23:35,8156,7107,9303
2026-06-17 23:40,8362,6549,9258
2026-06-17 23:45,8011,7340,9811
2026-06-17 23:50,8148,6521,9604
2026-06-17 23:55,8265,6756,9172
2026-06-18 00:00,4235,3857,4864
2026-06-18 00:05,4712,3758,5067
2026-06-18 00:10,4273,3462,4700
2026-06-18 00:15,4488,3593,5020
2026-06-18 00:20,4583,3769,5054
2026-06-18 00:25,4618,3822,5024
2026-06-18 00:30,4406,3781,4785
2026-06-18 00:35,4476,3816,5250
2026-06-18 00:40,4369,3721,4916
2026-06-18 00:45,4346,3833,4921
2026-06-18 00:50,4238,3497,4709
2026-06-18 00:55,4137,3508,5048
2026-06-18 01:00,4726,3702,4668
2026-06-18 01:05,4386,3461,5159
2026-06-18 01:10,4486,3790,5164
2026-06-18 01:15,4192,3822,4847
2026-06-18 01:20,4227,3804,4686
2026-06-18 01:25,4285,3884,4855
2026-06-18 01:30,4707,3414,4631
2026-06-18 01:35,4675,3402,5119
2026-06-18 01:40,4150,3850,4862
2026-06-18 01:45,4611,3834,4916
2026-06-18 01:50,4255,3595,4927
2026-06-18 01:55,4396,3569,5146
2026-06-18 02:00,4628,3582,4855
2026-06-18 02:05,4392,3538,4653
2026-06-18 02:10,4490,3795,5190
2026-06-18 02:15,4203,3749,5274
2026-06-18 02:20,4140,3423,4798
2026-06-18 02:25,4398,3684,5056
2026-06-18 02:30,4661,3878,5068
2026-06-18 02:35,4655,3527,4667
2026-06-18 02:40,4672,3730,5100
2026-06-18 02:45,4324,3557,4793
2026-06-18 02:50,4295,3672,4883
2026-06-18 02:55,4263,3841,4847
2026-06-18 03:00,4460,3524,5146
2026-06-18 03:05,4152,3794,4875
2026-06-18 03:10,4403,3694,4815
2026-06-18 03:15,4136,3622,4762
2026-06-18 03:20,4491,3414,4989
2026-06-18 03:25,4602,3425,5118
2026-06-18 03:30,4225,3583,4981
2026-06-18 03:35,4477,3781,4786
2026-06-18 03:40,4152,3557,4897
2026-06-18 03:45,4524,3651,4861
2026-06-18 03:50,4664,3522,4987
2026-06-18 03:55,4539,3497,5042
2026-06-18 04:00,4363,3889,4840
2026-06-18 04:05,4516,3834,5225
2026-06-18 04:10,4615,3695,4851
2026-06-18 04:15,4131,3786,5069
2026-06-18 04:20,4177,3492,4805
2026-06-18 04:25,4732,3469,5046
2026-06-18 04:30,4473,3707,4952
2026-06-18 04:35,4501,3784,4783
2026-06-18 04:40,4724,3543,5201
2026-06-18 04:45,4281,3425,4753
2026-06-18 04:50,4571,3624,4961
2026-06-18 04:55,4574,3392,5169
2026-06-18 05:00,4704,3462,4975
2026-06-18 05:05,4208,3527,4905
2026-06-18 05:10,4279,3677,5040
2026-06-18 05:15,4405,3480,4611
2026-06-18 05:20,4569,3809,5187
2026-06-18 05:25,4179,3524,4898
2026-06-18 05:30,4566,3590,4799
2026-06-18 05:35,4470,3465,4615
2026-06-18 05:40,4325,3867,4628
2026-06-18 05:45,4662,3671,5224
2026-06-18 05:50,4697,3443,5283
2026-06-18 05:55,4724,3654,5200
2026-06-18 06:00,4521,3818,4928
2026-06-18 06:05,4291,3818,4744
2026-06-18 06:10,4371,3484,4749
2026-06-18 06:15,4318,3830,5028
2026-06-18 06:20,4673,3473,4667
2026-06-18 06:25,4557,3751,4774
2026-06-18 06:30,4489,3502,4773
2026-06-18 06:35,4308,3707,4841
2026-06-18 06:40,4728,3683,5199
2026-06-18 06:45,4427,3402,5162
2026-06-18 06:50,4601,3800,5147
2026-06-18 06:55,4519,3595,5191
2026-06-18 07:00,4661,3685,4646
2026-06-18 07:05,4165,3397,5201
2026-06-18 07:10,4672,3857,5122
2026-06-18 07:15,4423,3618,4770
2026-06-18 07:20,4403,3661,5093
2026-06-18 07:25,4613,3802,4744
2026-06-18 07:30,4540,3812,5261
2026-06-18 07:35,4238,3398,4717
2026-06-18 07:40,4497,3472,4658
2026-06-18 07:45,4659,3736,4923
2026-06-18 07:50,4357,3643,5201
2026-06-18 07:55,4150,3470,4932
2026-06-18 08:00,4543,3671,4966
2026-06-18 08:05,4471,3820,5066
2026-06-18 08:10,4173,3546,4966
2026-06-18 08:15,4682,3746,5024
2026-06-18 08:20,4622,3697,4840
2026-06-18 08:25,4621,3726,4944
2026-06-18 08:30,4453,3537,4913
2026-06-18 08:35,4382,3517,4838
2026-06-18 08:40,4324,3481,4691
2026-06-18 08:45,4335,3841,4619
2026-06-18 08:50,4211,3475,5081
2026-06-18 08:55,4201,3881,5179
2026-06-18 09:00,4378,3581,5060
2026-06-18 09:05,4334,3564,4875
2026-06-18 09:10,4279,3714,5164
2026-06-18 09:15,4465,3592,5213
2026-06-18 09:20,4706,3554,4774
2026-06-18 09:25,4185,3521,5007
2026-06-18 09:30,4498,3502,5011
2026-06-18 09:35,4608,3643,5185
2026-06-18 09:40,4231,3842,4838
2026-06-18 09:45,4643,3476,5156
2026-06-18 09:50,4714,3494,5312
2026-06-18 09:55,4178,3600,5029
2026-06-18 10:00,4651,3763,4741
2026-06-18 10:05,4210,3911,5100
2026-06-18 10:10,4322,3567,4697
2026-06-18 10:15,4285,3648,5081
2026-06-18 10:20,4579,3493,5226
2026-06-18 10:25,4792,3811,5239
2026-06-18 10:30,4296,3814,5234
2026-06-18 10:35,4306,3663,4861
2026-06-18 10:40,4629,3932,5134
2026-06-18 10:45,4594,3736,5408
2026-06-18 10:50,4435,3944,5044
2026-06-18 10:55,4866,3953,4909
2026-06-18 11:00,4604,3892,5095
2026-06-18 11:05,4670,3609,5443
2026-06-18 11:10,4826,4068,5312
2026-06-18 11:15,4925,4061,5493
2026-06-18 11:20,4794,3657,5387
2026-06-18 11:25,4994,4025,5674
2026-06-18 11:30,5075,3946,5517
2026-06-18 11:35,4970,4016,5751
2026-06-18 11:40,4627,3921,5614
2026-06-18 11:45,5087,3952,5478
2026-06-18 11:50,4621,4069,5196
2026-06-18 11:55,4920,3799,5755
2026-06-18 12:00,4632,4354,5660
2026-06-18 12:05,4779,3876,5233
2026-06-18 12:10,5150,4201,5498
2026-06-18 12:15,4867,4430,5525
2026-06-18 12:20,5401,3965,5982
2026-06-18 12:25,4929,3975,5834
2026-06-18 12:30,5027,4271,5940
2026-06-18 12:35,5438,4063,5578
2026-06-18 12:40,5280,4426,5844
2026-06-18 12:45,4951,4442,5518
2026-06-18 12:50,5031,4166,6019
2026-06-18 12:55,5064,4356,5813
2026-06-18 13:00,5296,4267,6112
2026-06-18 13:05,5340,4234,5832
2026-06-18 13:10,5490,4725,5921
2026-06-18 13:15,5143,4181,5862
2026-06-18 13:20,5657,4243,5895
2026-06-18 13:25,5335,4577,6191
2026-06-18 13:30,5888,4390,6389
2026-06-18 13:35,5500,4809,6574
2026-06-18 13:40,5800,4320,6496
2026-06-18 13:45,5777,4983,6317
2026-06-18 13:50,5952,4834,6262
2026-06-18 13:55,5995,4786,6035
2026-06-18 14:00,6177,4506,6572
2026-06-18 14:05,5457,4592,6742
2026-06-18 14:10,6241,4659,6625
2026-06-18 14:15,5999,5188,7054
2026-06-18 14:20,6127,4800,6492
2026-06-18 14:25,5986,5248,6267
2026-06-18 14:30,6308,5178,6471
2026-06-18 14:35,6478,5003,6633
2026-06-18 14:40,5929,4715,7232
2026-06-18 14:45,5984,5027,6681
2026-06-18 14:50,6349,5088,6527
2026-06-18 14:55,5947,5170,7460
2026-06-18 15:00,6593,5466,6845
2026-06-18 15:05,5939,5428,7261
2026-06-18 15:10,6614,5020,7541
2026-06-18 15:15,6173,5342,7662
2026-06-18 15:20,6835,5266,6908
2026-06-18 15:25,6407,5435,7670
2026-06-18 15:30,6944,5192,7534
2026-06-18 15:35,6967,5570,7842
2026-06-18 15:40,6673,5397,7174
2026-06-18 15:45,6278,5433,7532
2026-06-18 15:50,6917,5487,7426
2026-06-18 15:55,7105,5705,7596
2026-06-18 16:00,6471,5911,7306
2026-06-18 16:05,6580,6070,8179
2026-06-18 16:10,7444,5843,7946
2026-06-18 16:15,7322,6088,8117
2026-06-18 16:20,6723,6181,7609
2026-06-18 16:25,6650,5576,7902
2026-06-18 16:30,6917,5556,8394
2026-06-18 16:35,7511,5872,7576
2026-06-18 16:40,7029,5924,8365
2026-06-18 16:45,7335,5817,8016
2026-06-18 16:50,7756,6039,7706
2026-06-18 16:55,7041,5858,8602
2026-06-18 17:00,7807,6205,8351
2026-06-18 17:05,7733,6054,8932
2026-06-18 17:10,7229,6707,8795
2026-06-18 17:15,7248,6481,8862
2026-06-18 17:20,7927,6482,8434
2026-06-18 17:25,7341,6581,8596
2026-06-18 17:30,7981,6867,8570
2026-06-18 17:35,7838,6435,8546
2026-06-18 17:40,7645,6674,8515
2026-06-18 17:45,8311,6368,8846
2026-06-18 17:50,7934,6865,9228
2026-06-18 17:55,7893,6953,9114
2026-06-18 18:00,8325,6665,9640
2026-06-18 18:05,8400,6827,8936
2026-06-18 18:10,7775,7007,9305
2026-06-18 18:15,7811,7003,9576
2026-06-18 18:20,8327,7107,9599
2026-06-18 18:25,8453,7041,9409
2026-06-18 18:30,8450,7219,9570
2026-06-18 18:35,8679,6779,9302
2026-06-18 18:40,8515,7347,10176
2026-06-18 18:45,8275,7368,9191
2026-06-18 18:50,8699,7194,9944
2026-06-18 18:55,8925,7775,9745
2026-06-18 19:00,8731,7121,10134
2026-06-18 19:05,9462,7182,10551
2026-06-18 19:10,8788,7005,9937
2026-06-18 19:15,9143,7825,10428
2026-06-18 19:20,9087,7152,10782
2026-06-18 19:25,9699,7398,9634
2026-06-18 19:30,9541,7194,10797
2026-06-18 19:35,9962,7250,10610
2026-06-18 19:40,9973,7943,10418
2026-06-18 19:45,8896,7797,11149
2026-06-18 19:50,9292,7520,11416
2026-06-18 19:55,9133,7482,10688
2026-06-18 20:00,9527,8277,10756
2026-06-18 20:05,10080,8294,10989
2026-06-18 20:10,9469,8470,10467
2026-06-18 20:15,9596,8059,10494
2026-06-18 20:20,10435,8689,11526
2026-06-18 20:25,10410,7871,11941
2026-06-18 20:30,10749,8570,10961
2026-06-18 20:35,10303,8089,11045
2026-06-18 20:40,10757,8575,11355
2026-06-18 20:45,9643,8271,11412
2026-06-18 20:50,10075,8516,11126
2026-06-18 20:55,10078,8277,11811
2026-06-18 21:00,10227,8719,12043
2026-06-18 21:05,10932,9037,12041
2026-06-18 21:10,10568,8813,12214
2026-06-18 21:15,10975,7916,11234
2026-06-18 21:20,10761,8605,11399
2026-06-18 21:25,10460,8520,11642
2026-06-18 21:30,10352,8454,10542
2026-06-18 21:35,9944,8471,11825
2026-06-18 21:40,10469,8355,11225
2026-06-18 21:45,9666,8252,10489
2026-06-18 21:50,10142,8580,11324
2026-06-18 21:55,9604,8327,11003
2026-06-18 22:00,9566,8100,11566
2026-06-18 22:05,9085,7768,10898
2026-06-18 22:10,9520,7456,10968
2026-06-18 22:15,9389,7296,10065
2026-06-18 22:20,10030,7659,10887
2026-06-18 22:25,9459,7251,9935
2026-06-18 22:30,9780,7141,9918
2026-06-18 22:35,8914,7232,10836
2026-06-18 22:40,9299,7414,10267
2026-06-18 22:45,9142,7665,10724
2026-06-18 22:50,9390,7352,10750
2026-06-18 22:55,8983,7875,9675
2026-06-18 23:00,9337,7741,9979
2026-06-18 23:05,8702,6930,9895
2026-06-18 23:10,9400,7675,10522
2026-06-18 23:15,9151,7066,9854
2026-06-18 23:20,8704,7268,9689
2026-06-18 23:25,8844,7367,10165
2026-06-18 23:30,9088,6611,9007
2026-06-18 23:35,8037,7464,10053
2026-06-18 23:40,8317,6678,8790
2026-06-18 23:45,8744,6614,9563
2026-06-18 23:50,8145,6668,8857
2026-06-18 23:55,7948,7165,9571
2026-06-19 00:00,4531,3640,5249
2026-06-19 00:05,4668,3790,5187
2026-06-19 00:10,4688,3897,5194
2026-06-19 00:15,4173,3738,4759
2026-06-19 00:20,4671,3683,4977
2026-06-19 00:25,4710,3716,4656
2026-06-19 00:30,4684,3767,5002
2026-06-19 00:35,4230,3868,5284
2026-06-19 00:40,4364,3826,4742
2026-06-19 00:45,4612,3605,4821
2026-06-19 00:50,4334,3885,5159
2026-06-19 00:55,4416,3762,4864
2026-06-19 01:00,4550,3479,4618
2026-06-19 01:05,4599,3724,4793
2026-06-19 01:10,4425,3898,5216
2026-06-19 01:15,4326,3628,5233
2026-06-19 01:20,4217,3660,5205
2026-06-19 01:25,4567,3895,4899
2026-06-19 01:30,4340,3789,4779
2026-06-19 01:35,4226,3725,4879
2026-06-19 01:40,4166,3896,5006
2026-06-19 01:45,4169,3888,4764
2026-06-19 01:50,4199,3880,4871
2026-06-19 01:55,4351,3635,5186
2026-06-19 02:00,4410,15484,5278
2026-06-19 02:05,4291,15631,5018
2026-06-19 02:10,4333,15191,4895
2026-06-19 02:15,4678,15224,5079
2026-06-19 02:20,4714,16813,4955
2026-06-19 02:25,4258,15314,4643
2026-06-19 02:30,4611,15281,4804
2026-06-19 02:35,4258,16404,5271
2026-06-19 02:40,4202,16321,4606
2026-06-19 02:45,4124,16800,4628
2026-06-19 02:50,4119,14637,5134
2026-06-19 02:55,4472,14621,4985
2026-06-19 03:00,4245,14623,4757
2026-06-19 03:05,4487,15530,5271
2026-06-19 03:10,4224,16078,5112
2026-06-19 03:15,4267,15039,4995
2026-06-19 03:20,4493,15802,5062
2026-06-19 03:25,4388,16722,5122
2026-06-19 03:30,4599,16382,4657
2026-06-19 03:35,4486,15840,4749
2026-06-19 03:40,4121,15109,5127
2026-06-19 03:45,4429,16594,4921
2026-06-19 03:50,4589,16433,4803
2026-06-19 03:55,4519,16583,5167
2026-06-19 04:00,4366,15959,4949
2026-06-19 04:05,4642,16933,4990
2026-06-19 04:10,4496,14398,5290
2026-06-19 04:15,4589,16233,4789
2026-06-19 04:20,4405,15937,5109
2026-06-19 04:25,4447,16282,4881
2026-06-19 04:30,4371,14917,4857
2026-06-19 04:35,4514,16799,4774
2026-06-19 04:40,4274,14300,4892
2026-06-19 04:45,4348,16171,5141
2026-06-19 04:50,4521,15015,5175
2026-06-19 04:55,4438,14875,4965
2026-06-19 05:00,4310,15950,5075
2026-06-19 05:05,4326,14640,5277
2026-06-19 05:10,4393,16297,4609
2026-06-19 05:15,4552,16486,4935
2026-06-19 05:20,4382,15598,5266
2026-06-19 05:25,4450,15892,4613
2026-06-19 05:30,4448,15815,4741
2026-06-19 05:35,4557,15873,5228
2026-06-19 05:40,4363,15113,4635
2026-06-19 05:45,4394,14468,5291
2026-06-19 05:50,4500,16405,4804
2026-06-19 05:55,4626,14608,5058
2026-06-19 06:00,4546,3408,4943
2026-06-19 06:05,4251,3613,5137
2026-06-19 06:10,4376,3497,4795
2026-06-19 06:15,4407,3734,4893
2026-06-19 06:20,4471,3458,4760
2026-06-19 06:25,4447,3514,5103
2026-06-19 06:30,4234,3639,4876
2026-06-19 06:35,4280,3533,4863
2026-06-19 06:40,4589,3466,5117
2026-06-19 06:45,4373,3866,5196
2026-06-19 06:50,4228,3631,4882
2026-06-19 06:55,4723,3454,4707
2026-06-19 07:00,4446,3424,5101
2026-06-19 07:05,4613,3656,4987
2026-06-19 07:10,4630,3538,4811
2026-06-19 07:15,4292,3667,4998
2026-06-19 07:20,4428,3863,4961
2026-06-19 07:25,4632,3612,5148
2026-06-19 07:30,4453,3461,5082
2026-06-19 07:35,4372,3793,4774
2026-06-19 07:40,4141,3611,4701
2026-06-19 07:45,4464,3797,5158
2026-06-19 07:50,4149,3655,5155
2026-06-19 07:55,4331,3879,5149
2026-06-19 08:00,4328,3660,4857
2026-06-19 08:05,4538,3895,5214
2026-06-19 08:10,4160,3862,5095
2026-06-19 08:15,4153,3397,4853
2026-06-19 08:20,4332,3530,5126
2026-06-19 08:25,4288,3745,4779
2026-06-19 08:30,4730,3571,4986
2026-06-19 08:35,4707,3709,4628
2026-06-19 08:40,4567,3608,4928
2026-06-19 08:45,4552,3633,5095
2026-06-19 08:50,4572,3678,4821
2026-06-19 08:55,4587,3546,4890
2026-06-19 09:00,4534,3718,5269
2026-06-19 09:05,4435,3455,5222
2026-06-19 09:10,4686,3503,4947
2026-06-19 09:15,4523,3465,5109
2026-06-19 09:20,4530,3440,5094
2026-06-19 09:25,4226,3748,5102
2026-06-19 09:30,4168,3427,4997
2026-06-19 09:35,4128,3652,5161
2026-06-19 09:40,4281,3509,4898
2026-06-19 09:45,4234,3632,5258
2026-06-19 09:50,4613,3855,4672
2026-06-19 09:55,4470,3476,5020
2026-06-19 10:00,4649,3850,4733
2026-06-19 10:05,4540,3583,4912
2026-06-19 10:10,4249,3627,5204
2026-06-19 10:15,4789,3682,5160
2026-06-19 10:20,4318,3780,5247
2026-06-19 10:25,4733,3673,5344
2026-06-19 10:30,4346,3698,5150
2026-06-19 10:35,4795,3940,4775
2026-06-19 10:40,4894,3839,5085
2026-06-19 10:45,4834,4021,4867
2026-06-19 10:50,4915,3669,5105
2026-06-19 10:55,4745,3858,4960
2026-06-19 11:00,4506,3630,4981
2026-06-19 11:05,4437,3768,5488
2026-06-19 11:10,4913,4138,5307
2026-06-19 11:15,5056,3784,5483
2026-06-19 11:20,4724,3797,5574
2026-06-19 11:25,4640,3931,4976
2026-06-19 11:30,4626,3819,5368
2026-06-19 11:35,4873,4083,5767
2026-06-19 11:40,4796,4242,5565
2026-06-19 11:45,5121,3971,5745
2026-06-19 11:50,4916,3884,5553
2026-06-19 11:55,4704,4201,5160
2026-06-19 12:00,4941,4122,5902
2026-06-19 12:05,5184,3999,5223
2026-06-19 12:10,5346,3864,5512
2026-06-19 12:15,4823,4259,5614
2026-06-19 12:20,5162,4113,5676
2026-06-19 12:25,5255,4156,6088
2026-06-19 12:30,5083,4033,5880
2026-06-19 12:35,4963,4545,5850
2026-06-19 12:40,5240,4490,6009
2026-06-19 12:45,5463,4043,6220
2026-06-19 12:50,5359,4567,5876
2026-06-19 12:55,5634,4291,5691
2026-06-19 13:00,5224,4117,6370
2026-06-19 13:05,5238,4659,5629
2026-06-19 13:10,5309,4456,6111
2026-06-19 13:15,5076,4625,6260
2026-06-19 13:20,5637,4572,5787
2026-06-19 13:25,5172,4633,5769
2026-06-19 13:30,5266,4595,6083
2026-06-19 13:35,5959,4711,6604
2026-06-19 13:40,5414,4622,6386
2026-06-19 13:45,5988,4620,6415
2026-06-19 13:50,5922,4865,5965
2026-06-19 13:55,5764,4559,6071
2026-06-19 14:00,5784,4930,6109
2026-06-19 14:05,5729,4475,6782
2026-06-19 14:10,5840,4519,6490
2026-06-19 14:15,5561,5051,6716
2026-06-19 14:20,6047,5043,7107
2026-06-19 14:25,6292,4934,6250
2026-06-19 14:30,5719,5295,6848
2026-06-19 14:35,6067,4856,6782
2026-06-19 14:40,6152,4988,6681
2026-06-19 14:45,6544,4853,6487
2026-06-19 14:50,6253,4977,7261
2026-06-19 14:55,6522,4817,7020
2026-06-19 15:00,6151,5346,7476
2026-06-19 15:05,6666,5499,6923
2026-06-19 15:10,6184,5273,7051
2026-06-19 15:15,6858,5624,7384
2026-06-19 15:20,6716,5347,7083
2026-06-19 15:25,6378,5044,6864
2026-06-19 15:30,7019,5691,7097
2026-06-19 15:35,6500,5780,7060
2026-06-19 15:40,6971,5791,7055
2026-06-19 15:45,7073,5422,7023
2026-06-19 15:50,6455,5265,7783
2026-06-19 15:55,6620,5706,7574
2026-06-19 16:00,7215,5579,7203
2026-06-19 16:05,7326,6091,8266
2026-06-19 16:10,7470,5427,8113
2026-06-19 16:15,7123,5727,8139
2026-06-19 16:20,7460,5816,7614
2026-06-19 16:25,7225,6168,7786
2026-06-19 16:30,6702,6196,8081
2026-06-19 16:35,7021,6328,8038
2026-06-19 16:40,7347,5599,7976
2026-06-19 16:45,7655,5662,8734
2026-06-19 16:50,7691,6493,8031
2026-06-19 16:55,7164,6366,8858
2026-06-19 17:00,7320,6388,8462
2026-06-19 17:05,7134,6611,7897
2026-06-19 17:10,8153,6461,8691
2026-06-19 17:15,8140,5991,8908
2026-06-19 17:20,7500,5952,8549
2026-06-19 17:25,7956,6243,8133
2026-06-19 17:30,7838,6046,8687
2026-06-19 17:35,7837,6820,9155
2026-06-19 17:40,8240,6876,9040
2026-06-19 17:45,8419,6326,8437
2026-06-19 17:50,8168,6424,9595
2026-06-19 17:55,8400,6373,8871
2026-06-19 18:00,7789,6869,9294
2026-06-19 18:05,8244,7061,9246
2026-06-19 18:10,8351,6397,9090
2026-06-19 18:15,8549,6509,9130
2026-06-19 18:20,8333,7385,9537
2026-06-19 18:25,9043,7043,9603
2026-06-19 18:30,9099,7394,10067
2026-06-19 18:35,9136,7012,9122
2026-06-19 18:40,8968,7106,10205
2026-06-19 18:45,8313,7332,10207
2026-06-19 18:50,8647,6916,9303
2026-06-19 18:55,9360,7626,10564
2026-06-19 19:00,9431,7286,10253
2026-06-19 19:05,9530,7320,10424
2026-06-19 19:10,8615,7489,10152
2026-06-19 19:15,9413,6990,10197
2026-06-19 19:20,9095,7569,10071
2026-06-19 19:25,9582,8077,10643
2026-06-19 19:30,8894,7237,10348
2026-06-19 19:35,9718,7891,10900
2026-06-19 19:40,9272,7766,10538
2026-06-19 19:45,9070,7816,10076
2026-06-19 19:50,10155,7977,10855
2026-06-19 19:55,9615,8044,11458
2026-06-19 20:00,9840,8457,10651
2026-06-19 20:05,9836,7871,10903
2026-06-19 20:10,9175,7961,10435
2026-06-19 20:15,9888,8207,10314
2026-06-19 20:20,10667,7829,10813
2026-06-19 20:25,9355,7734,11429
2026-06-19 20:30,9629,8804,11595
2026-06-19 20:35,10382,7898,11801
2026-06-19 20:40,10389,8119,10730
2026-06-19 20:45,10025,8930,12125
2026-06-19 20:50,10332,9117,11890
2026-06-19 20:55,10728,8217,12159
2026-06-19 21:00,11239,8128,11661
2026-06-19 21:05,9901,8464,11447
2026-06-19 21:10,10308,8699,10862
2026-06-19 21:15,10836,8626,11525
2026-06-19 21:20,9916,8906,10744
2026-06-19 21:25,9690,8145,11532
2026-06-19 21:30,9703,7803,11791
2026-06-19 21:35,10516,7922,10943
2026-06-19 21:40,9798,8758,11168
2026-06-19 21:45,10293,8265,11419
2026-06-19 21:50,10283,8530,10494
2026-06-19 21:55,9555,8265,11008
2026-06-19 22:00,9525,7920,10782
2026-06-19 22:05,9339,8396,10323
2026-06-19 22:10,10086,7555,11037
2026-06-19 22:15,9095,8023,11234
2026-06-19 22:20,8948,8194,10356
2026-06-19 22:25,9750,8193,10743
2026-06-19 22:30,9806,7569,10473
2026-06-19 22:35,9340,7145,10654
2026-06-19 22:40,9732,7978,10879
2026-06-19 22:45,9664,7082,9873
2026-06-19 22:50,9529,7240,10286
2026-06-19 22:55,8603,7829,10462
2026-06-19 23:00,9503,7402,10618
2026-06-19 23:05,9263,6949,10414
2026-06-19 23:10,9078,6946,9293
2026-06-19 23:15,8345,7603,9780
2026-06-19 23:20,8670,7215,9500
2026-06-19 23:25,9179,6760,9943
2026-06-19 23:30,8730,6734,9443
2026-06-19 23:35,9012,6790,9170
2026-06-19 23:40,7940,7059,8850
2026-06-19 23:45,8115,6710,9624
2026-06-19 23:50,8092,7078,9612
2026-06-19 23:55,8215,6781,8634
2026-06-20 00:00,4973,4175,5847
2026-06-20 00:05,5201,4123,5181
2026-06-20 00:10,5144,3888,5894
2026-06-20 00:15,5188,4310,5547
2026-06-20 00:20,5007,4039,5690
2026-06-20 00:25,5095,4317,5375
2026-06-20 00:30,4953,4072,5526
2026-06-20 00:35,4653,4357,5547
2026-06-20 00:40,4674,3947,5270
2026-06-20 00:45,4920,3849,5644
2026-06-20 00:50,4830,4209,5620
2026-06-20 00:55,5043,4213,5488
2026-06-20 01:00,4843,3890,5232
2026-06-20 01:05,5181,3996,5583
2026-06-20 01:10,5143,3964,5555
2026-06-20 01:15,5198,3950,5479
2026-06-20 01:20,4933,4049,5699
2026-06-20 01:25,4834,4123,5372
2026-06-20 01:30,5205,4143,5410
2026-06-20 01:35,5267,3857,5308
2026-06-20 01:40,4640,4112,5671
2026-06-20 01:45,5109,3996,5830
2026-06-20 01:50,5288,4350,5640
2026-06-20 01:55,4673,3870,5298
2026-06-20 02:00,4935,4144,5331
2026-06-20 02:05,5227,4239,5888
2026-06-20 02:10,4804,3920,5225
2026-06-20 02:15,4953,4193,5345
2026-06-20 02:20,4813,3893,5217
2026-06-20 02:25,4699,3842,5154
2026-06-20 02:30,5175,3971,5328
2026-06-20 02:35,5001,4181,5373
2026-06-20 02:40,5109,4120,5740
2026-06-20 02:45,4661,3893,5654
2026-06-20 02:50,4970,4004,5550
2026-06-20 02:55,4912,3800,5594
2026-06-20 03:00,4774,4152,5186
2026-06-20 03:05,4917,4196,5508
2026-06-20 03:10,4748,4013,5327
2026-06-20 03:15,4968,4230,5397
2026-06-20 03:20,4847,3929,5444
2026-06-20 03:25,5270,4121,5712
2026-06-20 03:30,4915,4174,5525
2026-06-20 03:35,5033,4280,5480
2026-06-20 03:40,4632,3972,5586
2026-06-20 03:45,4840,4156,5429
2026-06-20 03:50,5256,4019,5244
2026-06-20 03:55,5146,4168,5635
2026-06-20 04:00,4853,4347,5375
2026-06-20 04:05,4956,4278,5708
2026-06-20 04:10,5300,4001,5571
2026-06-20 04:15,5077,4224,5309
2026-06-20 04:20,4742,4360,5726
2026-06-20 04:25,5213,4199,5393
2026-06-20 04:30,5138,3998,5885
2026-06-20 04:35,4782,3947,5505
2026-06-20 04:40,5226,4325,5641
2026-06-20 04:45,4949,4323,5311
2026-06-20 04:50,4822,4308,5215
2026-06-20 04:55,4832,4190,5773
2026-06-20 05:00,4856,4130,5913
2026-06-20 05:05,4938,4323,5358
2026-06-20 05:10,4975,4314,5887
2026-06-20 05:15,5005,4136,5690
2026-06-20 05:20,5047,3927,5561
2026-06-20 05:25,5303,3971,5477
2026-06-20 05:30,5203,4083,5658
2026-06-20 05:35,4892,3957,5686
2026-06-20 05:40,5065,4170,5154
2026-06-20 05:45,4627,4004,5905
2026-06-20 05:50,5238,3879,5582
2026-06-20 05:55,5166,3893,5342
2026-06-20 06:00,4714,4002,5573
2026-06-20 06:05,5009,4078,5552
2026-06-20 06:10,5079,3951,5625
2026-06-20 06:15,4651,3990,5438
2026-06-20 06:20,5177,4175,5671
2026-06-20 06:25,4661,4133,5281
2026-06-20 06:30,4633,4265,5173
2026-06-20 06:35,5036,4282,5208
2026-06-20 06:40,5193,4358,5884
2026-06-20 06:45,5236,4061,5232
2026-06-20 06:50,4822,3840,5380
2026-06-20 06:55,4966,3822,5611
2026-06-20 07:00,5073,4162,5690
2026-06-20 07:05,4838,4261,5648
2026-06-20 07:10,5228,3972,5862
2026-06-20 07:15,4745,4199,5521
2026-06-20 07:20,5190,3923,5201
2026-06-20 07:25,4775,3848,5197
2026-06-20 07:30,4804,4337,5241
2026-06-20 07:35,5260,4176,5585
2026-06-20 07:40,4664,4261,5258
2026-06-20 07:45,5156,3883,5769
2026-06-20 07:50,5129,4000,5553
2026-06-20 07:55,4632,4222,5307
2026-06-20 08:00,4673,3943,5662
2026-06-20 08:05,4641,4069,5506
2026-06-20 08:10,4630,4060,5758
2026-06-20 08:15,5085,4219,5512
2026-06-20 08:20,4635,4339,5503
2026-06-20 08:25,4760,4146,5409
2026-06-20 08:30,5142,4223,5673
2026-06-20 08:35,4893,4126,5901
2026-06-20 08:40,4874,4139,5493
2026-06-20 08:45,5053,4251,5509
2026-06-20 08:50,4652,3888,5869
2026-06-20 08:55,4782,4354,5917
2026-06-20 09:00,4945,4364,5521
2026-06-20 09:05,4704,4004,5814
2026-06-20 09:10,4806,4358,5375
2026-06-20 09:15,4946,4038,5354
2026-06-20 09:20,5100,4273,5469
2026-06-20 09:25,5252,3969,5806
2026-06-20 09:30,4792,4010,5721
2026-06-20 09:35,5142,3934,5167
2026-06-20 09:40,4760,3851,5375
2026-06-20 09:45,4981,4221,5178
2026-06-20 09:50,4719,3926,5186
2026-06-20 09:55,5028,4364,5295
2026-06-20 10:00,5163,4188,5333
2026-06-20 10:05,5046,4273,5231
2026-06-20 10:10,4903,4310,5247
2026-06-20 10:15,5107,4139,5733
2026-06-20 10:20,4737,4151,5424
2026-06-20 10:25,5244,4411,6016
2026-06-20 10:30,5018,4091,5333
2026-06-20 10:35,5179,3952,5445
2026-06-20 10:40,5378,4024,5977
2026-06-20 10:45,4816,4300,6154
2026-06-20 10:50,5149,4511,6098
2026-06-20 10:55,5161,4241,6053
2026-06-20 11:00,5307,4003,6043
2026-06-20 11:05,4915,4149,6208
2026-06-20 11:10,5189,4460,6167
2026-06-20 11:15,5631,4261,6048
2026-06-20 11:20,5255,4414,6182
2026-06-20 11:25,5542,4585,5609
2026-06-20 11:30,5040,4710,5823
2026-06-20 11:35,5286,4628,5624
2026-06-20 11:40,5222,4270,6314
2026-06-20 11:45,5389,4376,6296
2026-06-20 11:50,5767,4650,5754
2026-06-20 11:55,5328,4491,6434
2026-06-20 12:00,5267,4881,5998
2026-06-20 12:05,5664,4912,5882
2026-06-20 12:10,5702,4846,6144
2026-06-20 12:15,5825,4804,6436
2026-06-20 12:20,6005,4397,6560
2026-06-20 12:25,5516,4873,5993
2026-06-20 12:30,5401,4456,5983
2026-06-20 12:35,6184,4710,6599
2026-06-20 12:40,5725,4641,6872
2026-06-20 12:45,5571,4655,6258
2026-06-20 12:50,5639,4915,6493
2026-06-20 12:55,5796,5216,6376
2026-06-20 13:00,6102,5188,6627
2026-06-20 13:05,6111,5000,7074
2026-06-20 13:10,5997,5216,7019
2026-06-20 13:15,5759,4822,7138
2026-06-20 13:20,6217,5200,6567
2026-06-20 13:25,6574,5017,7274
2026-06-20 13:30,6412,5099,6690
2026-06-20 13:35,6538,4822,6737
2026-06-20 13:40,6528,5274,6836
2026-06-20 13:45,6084,5428,7199
2026-06-20 13:50,6661,5196,6860
2026-06-20 13:55,6147,4943,7533
2026-06-20 14:00,6835,5529,7079
2026-06-20 14:05,6933,5053,7328
2026-06-20 14:10,6355,5264,7823
2026-06-20 14:15,6512,5465,7500
2026-06-20 14:20,6362,5117,7461
2026-06-20 14:25,6727,5522,7558
2026-06-20 14:30,6774,5905,7580
2026-06-20 14:35,6669,5621,8036
2026-06-20 14:40,6975,5815,7448
2026-06-20 14:45,6845,5449,7508
2026-06-20 14:50,6903,5614,7627
2026-06-20 14:55,7488,5449,7981
2026-06-20 15:00,6804,5698,7541
2026-06-20 15:05,7318,5477,8196
2026-06-20 15:10,7518,5647,7559
2026-06-20 15:15,7610,5963,8306
2026-06-20 15:20,6915,5717,8630
2026-06-20 15:25,7734,5955,7827
2026-06-20 15:30,7659,6490,8811
2026-06-20 15:35,7201,6098,8547
2026-06-20 15:40,7008,5863,8746
2026-06-20 15:45,7906,6597,8187
2026-06-20 15:50,7647,6348,8061
2026-06-20 15:55,7957,6392,8304
2026-06-20 16:00,8223,6374,9099
2026-06-20 16:05,7427,6751,8479
2026-06-20 16:10,8112,6126,9265
2026-06-20 16:15,7929,6743,9395
2026-06-20 16:20,7933,6877,8642
2026-06-20 16:25,7570,6696,9224
2026-06-20 16:30,8102,6727,8978
2026-06-20 16:35,7586,6266,9187
2026-06-20 16:40,8594,6944,9521
2026-06-20 16:45,8776,6454,9320
2026-06-20 16:50,8267,6765,9532
2026-06-20 16:55,8386,7348,9482
2026-06-20 17:00,8994,6935,8970
2026-06-20 17:05,9046,6875,9344
2026-06-20 17:10,8871,6557,10202
2026-06-20 17:15,8322,7113,9257
2026-06-20 17:20,8250,6989,9030
2026-06-20 17:25,9132,7389,9761
2026-06-20 17:30,9370,6805,10171
2026-06-20 17:35,8430,7761,10339
2026-06-20 17:40,9327,7264,9860
2026-06-20 17:45,8548,6928,9776
2026-06-20 17:50,9477,7358,9945
2026-06-20 17:55,9198,6992,9646
2026-06-20 18:00,8941,7686,10404
2026-06-20 18:05,8632,7960,10911
2026-06-20 18:10,9632,7296,10945
2026-06-20 18:15,9853,7716,10102
2026-06-20 18:20,9548,8253,10765
2026-06-20 18:25,9133,7402,10657
2026-06-20 18:30,9147,8386,10498
2026-06-20 18:35,9474,8384,10995
2026-06-20 18:40,10263,7855,10604
2026-06-20 18:45,9739,8496,10280
2026-06-20 18:50,9521,8491,10818
2026-06-20 18:55,9827,7618,10629
2026-06-20 19:00,9369,7875,10844
2026-06-20 19:05,9901,8744,11304
2026-06-20 19:10,10241,8665,11625
2026-06-20 19:15,10368,8992,11476
2026-06-20 19:20,10824,8588,12162
2026-06-20 19:25,10546,8087,10952
2026-06-20 19:30,9823,8603,12148
2026-06-20 19:35,9950,9146,12338
2026-06-20 19:40,10290,8433,11337
2026-06-20 19:45,9928,9223,11983
2026-06-20 19:50,10486,9424,11910
2026-06-20 19:55,11486,8899,11598
2026-06-20 20:00,10592,9475,12473
2026-06-20 20:05,11509,8474,11432
2026-06-20 20:10,11598,8520,13031
2026-06-20 20:15,11833,8878,13220
2026-06-20 20:20,10771,9441,13165
2026-06-20 20:25,12044,8685,12821
2026-06-20 20:30,10779,8791,12946
2026-06-20 20:35,11061,9984,13414
2026-06-20 20:40,11734,8966,12323
2026-06-20 20:45,11131,9589,12450
2026-06-20 20:50,11547,9390,12548
2026-06-20 20:55,12381,10111,12798
2026-06-20 21:00,11228,10339,12373
2026-06-20 21:05,12515,9082,12898
2026-06-20 21:10,11272,9139,12496
2026-06-20 21:15,10770,9418,13721
2026-06-20 21:20,11192,9902,12825
2026-06-20 21:25,11173,9739,12400
2026-06-20 21:30,10876,8814,12723
2026-06-20 21:35,11264,9499,11914
2026-06-20 21:40,10676,9510,12158
2026-06-20 21:45,11209,9204,11635
2026-06-20 21:50,11349,9197,12179
2026-06-20 21:55,11467,9107,12625
2026-06-20 22:00,11169,9127,12185
2026-06-20 22:05,10605,8740,12791
2026-06-20 22:10,11468,9116,12804
2026-06-20 22:15,10865,8587,11580
2026-06-20 22:20,10976,8696,11309
2026-06-20 22:25,10315,8856,11930
2026-06-20 22:30,10849,8741,11159
2026-06-20 22:35,9909,8477,11815
2026-06-20 22:40,10366,8270,10988
2026-06-20 22:45,10093,8895,11472
2026-06-20 22:50,10156,7819,10794
2026-06-20 22:55,10191,8687,10762
2026-06-20 23:00,9725,8799,11262
2026-06-20 23:05,10360,8517,10600
2026-06-20 23:10,10176,8056,10307
2026-06-20 23:15,9988,8515,11571
2026-06-20 23:20,9048,8125,10571
2026-06-20 23:25,9415,8394,10317
2026-06-20 23:30,9704,8397,10422
2026-06-20 23:35,9955,7530,10525
2026-06-20 23:40,8959,7558,10156
2026-06-20 23:45,8866,7671,10211
2026-06-20 23:50,9128,8123,9694
2026-06-20 23:55,9184,7463,9950
2026-06-21 00:00,4866,4169,5615
2026-06-21 00:05,4743,4349,5200
2026-06-21 00:10,5299,3910,5909
2026-06-21 00:15,4888,4080,5291
2026-06-21 00:20,5240,4340,5597
2026-06-21 00:25,5064,4068,5827
2026-06-21 00:30,4921,4120,5638
2026-06-21 00:35,4929,3968,5279
2026-06-21 00:40,5032,4221,5539
2026-06-21 00:45,4924,4140,5446
2026-06-21 00:50,4915,4189,5768
2026-06-21 00:55,5266,3877,5288
2026-06-21 01:00,5182,4347,5154
2026-06-21 01:05,4722,4262,5878
2026-06-21 01:10,4759,3925,5440
2026-06-21 01:15,5168,3818,5574
2026-06-21 01:20,5041,3897,5239
2026-06-21 01:25,4806,3921,5658
2026-06-21 01:30,5052,3968,5232
2026-06-21 01:35,5052,3867,5770
2026-06-21 01:40,5043,4257,5610
2026-06-21 01:45,4939,4345,5481
2026-06-21 01:50,4891,4191,5328
2026-06-21 01:55,4914,4364,5195
2026-06-21 02:00,4648,3937,5877
2026-06-21 02:05,5220,4098,5566
2026-06-21 02:10,4706,4101,5381
2026-06-21 02:15,5173,4138,5883
2026-06-21 02:20,5058,3910,5401
2026-06-21 02:25,4733,4348,5636
2026-06-21 02:30,5048,4271,5772
2026-06-21 02:35,4962,4037,5851
2026-06-21 02:40,4797,4092,5517
2026-06-21 02:45,5252,3839,5189
2026-06-21 02:50,5106,3866,5326
2026-06-21 02:55,4977,4092,5250
2026-06-21 03:00,4795,4011,5221
2026-06-21 03:05,5016,4233,5518
2026-06-21 03:10,5280,4019,5366
2026-06-21 03:15,4964,3934,5216
2026-06-21 03:20,4959,3826,5800
2026-06-21 03:25,4793,3959,5284
2026-06-21 03:30,5231,4242,5581
2026-06-21 03:35,5136,4278,5328
2026-06-21 03:40,5184,4167,5702
2026-06-21 03:45,5227,4185,5450
2026-06-21 03:50,5174,3876,5265
2026-06-21 03:55,4988,4153,5578
2026-06-21 04:00,4627,3940,5608
2026-06-21 04:05,5120,3820,5485
2026-06-21 04:10,4819,4262,5823
2026-06-21 04:15,4975,4312,5914
2026-06-21 04:20,4630,4118,5820
2026-06-21 04:25,4622,3823,5228
2026-06-21 04:30,4803,4312,5849
2026-06-21 04:35,5303,4086,5670
2026-06-21 04:40,4986,3828,5854
2026-06-21 04:45,4777,4126,5216
2026-06-21 04:50,4959,4112,5596
2026-06-21 04:55,4852,4261,5256
2026-06-21 05:00,5214,4359,5405
2026-06-21 05:05,4649,4205,5361
2026-06-21 05:10,4884,4044,5485
2026-06-21 05:15,4897,4047,5543
2026-06-21 05:20,4852,3892,5273
2026-06-21 05:25,5101,4244,5594
2026-06-21 05:30,5118,3912,5624
2026-06-21 05:35,4634,4145,5620
2026-06-21 05:40,5019,4369,5798
2026-06-21 05:45,4813,3985,5247
2026-06-21 05:50,4615,4045,5199
2026-06-21 05:55,4678,4357,5156
2026-06-21 06:00,5160,3944,5276
2026-06-21 06:05,4640,3876,5585
2026-06-21 06:10,4725,3833,5237
2026-06-21 06:15,5204,3829,5677
2026-06-21 06:20,5110,4048,5226
2026-06-21 06:25,5122,3805,5272
2026-06-21 06:30,4974,4055,5545
2026-06-21 06:35,4899,4346,5414
2026-06-21 06:40,4964,4053,5799
2026-06-21 06:45,4864,4130,5519
2026-06-21 06:50,4905,3920,5705
2026-06-21 06:55,4862,4243,5603
2026-06-21 07:00,5078,3919,5197
2026-06-21 07:05,4797,4302,5737
2026-06-21 07:10,5097,4303,5815
2026-06-21 07:15,5162,4151,5802
2026-06-21 07:20,5279,4070,5221
2026-06-21 07:25,5139,4066,5336
2026-06-21 07:30,4999,4312,5218
2026-06-21 07:35,4986,4072,5834
2026-06-21 07:40,5288,3824,5620
2026-06-21 07:45,4865,4223,5413
2026-06-21 07:50,5102,3889,5329
2026-06-21 07:55,4777,4235,5457
2026-06-21 08:00,4839,3958,5745
2026-06-21 08:05,5094,4366,5822
2026-06-21 08:10,4986,4128,5734
2026-06-21 08:15,5189,4324,5723
2026-06-21 08:20,4963,4234,5285
2026-06-21 08:25,5265,3950,5283
2026-06-21 08:30,5032,4141,5721
2026-06-21 08:35,4645,4341,5161
2026-06-21 08:40,4990,4301,5421
2026-06-21 08:45,5048,4315,5249
2026-06-21 08:50,4671,3907,5845
2026-06-21 08:55,4785,4344,5558
2026-06-21 09:00,4833,3863,5632
2026-06-21 09:05,4788,3831,5828
2026-06-21 09:10,5265,4290,5706
2026-06-21 09:15,4636,4236,5481
2026-06-21 09:20,4820,4134,5182
2026-06-21 09:25,5200,3957,5810
2026-06-21 09:30,4625,3868,5903
2026-06-21 09:35,5087,3968,5268
2026-06-21 09:40,4876,3937,5897
2026-06-21 09:45,4697,4138,5797
2026-06-21 09:50,5119,3990,5230
2026-06-21 09:55,4861,3910,5874
2026-06-21 10:00,4667,4290,5880
2026-06-21 10:05,4674,3862,5949
2026-06-21 10:10,4699,4331,5934
2026-06-21 10:15,4869,3993,5881
2026-06-21 10:20,5318,4422,5748
2026-06-21 10:25,4879,4164,5311
2026-06-21 10:30,4911,3964,5389
2026-06-21 10:35,4771,4229,5433
2026-06-21 10:40,5446,4346,5361
2026-06-21 10:45,5035,4134,5419
2026-06-21 10:50,4983,4042,5406
2026-06-21 10:55,5405,4562,5492
2026-06-21 11:00,5549,4277,5455
2026-06-21 11:05,4940,4230,5652
2026-06-21 11:10,4970,4263,5952
2026-06-21 11:15,5537,4661,5956
2026-06-21 11:20,5045,4638,6329
2026-06-21 11:25,5133,4548,5614
2026-06-21 11:30,5034,4495,6139
2026-06-21 11:35,5298,4258,5620
2026-06-21 11:40,5313,4773,6343
2026-06-21 11:45,5166,4726,6236
2026-06-21 11:50,5551,4326,6354
2026-06-21 11:55,5334,4763,6060
2026-06-21 12:00,5531,4452,6574
2026-06-21 12:05,5255,4322,6475
2026-06-21 12:10,5312,4662,5961
2026-06-21 12:15,5615,4840,6038
2026-06-21 12:20,5345,4609,6676
2026-06-21 12:25,5758,4949,6296
2026-06-21 12:30,5443,4640,6518
2026-06-21 12:35,6017,4461,6734
2026-06-21 12:40,5990,5001,6841
2026-06-21 12:45,5791,4895,6308
2026-06-21 12:50,5611,4755,6147
2026-06-21 12:55,5901,4961,6902
2026-06-21 13:00,5848,5050,6848
2026-06-21 13:05,6127,4817,6977
2026-06-21 13:10,6212,4893,6298
2026-06-21 13:15,6407,5266,6416
2026-06-21 13:20,6304,5257,7288
2026-06-21 13:25,5859,5362,6455
2026-06-21 13:30,6523,5383,7362
2026-06-21 13:35,6486,5362,6609
2026-06-21 13:40,5981,5440,7009
2026-06-21 13:45,6338,5494,7234
2026-06-21 13:50,6835,5146,7263
2026-06-21 13:55,6836,5435,7003
2026-06-21 14:00,6474,5659,7307
2026-06-21 14:05,6916,5174,7129
2026-06-21 14:10,6984,5274,7320
2026-06-21 14:15,6769,5461,7038
2026-06-21 14:20,6581,5528,7843
2026-06-21 14:25,6719,5478,7126
2026-06-21 14:30,6370,5899,7208
2026-06-21 14:35,7190,5406,7278
2026-06-21 14:40,7308,5632,7305
2026-06-21 14:45,6528,5628,7214
2026-06-21 14:50,7049,5415,7436
2026-06-21 14:55,7181,5545,8284
2026-06-21 15:00,7154,5959,8056
2026-06-21 15:05,7369,5458,7513
2026-06-21 15:10,7256,6041,8417
2026-06-21 15:15,7707,5600,7990
2026-06-21 15:20,7300,5774,7662
2026-06-21 15:25,7471,6413,8034
2026-06-21 15:30,7821,6092,8627
2026-06-21 15:35,7201,6226,8592
2026-06-21 15:40,7124,6327,8442
2026-06-21 15:45,8006,5819,7884
2026-06-21 15:50,7087,6298,8272
2026-06-21 15:55,7930,5927,8437
2026-06-21 16:00,7283,6125,8482
2026-06-21 16:05,7505,6683,9164
2026-06-21 16:10,7719,6862,8702
2026-06-21 16:15,8230,6791,9356
2026-06-21 16:20,7519,6514,8853
2026-06-21 16:25,7572,6980,8879
2026-06-21 16:30,7817,6952,9512
2026-06-21 16:35,7881,7130,9634
2026-06-21 16:40,8494,7090,8931
2026-06-21 16:45,8521,6619,9753
2026-06-21 16:50,8386,6790,9324
2026-06-21 16:55,8112,7167,9826
2026-06-21 17:00,8478,7213,9257
2026-06-21 17:05,7962,7377,9435
2026-06-21 17:10,8227,7025,8967
2026-06-21 17:15,8821,7351,9198
2026-06-21 17:20,8661,7299,9822
2026-06-21 17:25,8172,6970,9267
2026-06-21 17:30,8621,7211,9755
2026-06-21 17:35,8245,7520,9242
2026-06-21 17:40,9500,7568,10052
2026-06-21 17:45,8675,7657,9926
2026-06-21 17:50,9069,7822,9873
2026-06-21 17:55,8600,7843,9667
2026-06-21 18:00,9744,7886,10631
2026-06-21 18:05,9584,7436,9904
2026-06-21 18:10,8712,7308,10360
2026-06-21 18:15,9816,7511,11070
2026-06-21 18:20,9401,7813,9873
2026-06-21 18:25,9008,7452,10663
2026-06-21 18:30,9927,8355,10551
2026-06-21 18:35,9987,8059,10597
2026-06-21 18:40,10393,8231,11371
2026-06-21 18:45,9273,8255,11039
2026-06-21 18:50,9430,8292,11490
2026-06-21 18:55,10199,8536,11558
2026-06-21 19:00,9448,7808,11580
2026-06-21 19:05,10149,8100,10707
2026-06-21 19:10,9724,8025,11846
2026-06-21 19:15,10593,8319,10861
2026-06-21 19:20,10405,8152,10977
2026-06-21 19:25,10180,8602,11972
2026-06-21 19:30,9923,8746,11215
2026-06-21 19:35,10876,9100,12392
2026-06-21 19:40,10468,8725,12506
2026-06-21 19:45,10521,9350,11603
2026-06-21 19:50,10796,9025,11211
2026-06-21 19:55,10301,8813,11735
2026-06-21 20:00,10912,9320,11430
2026-06-21 20:05,10838,9151,12123
2026-06-21 20:10,10365,9117,11750
2026-06-21 20:15,11400,9323,12464
2026-06-21 20:20,11022,9809,12627
2026-06-21 20:25,10938,9881,13390
2026-06-21 20:30,11937,9165,11933
2026-06-21 20:35,11134,9855,12070
2026-06-21 20:40,11518,9511,12776
2026-06-21 20:45,11128,9219,12726
2026-06-21 20:50,12305,10063,13690
2026-06-21 20:55,11385,9769,13870
2026-06-21 21:00,11114,10122,12362
2026-06-21 21:05,10975,9747,13133
2026-06-21 21:10,11169,9574,13382
2026-06-21 21:15,11986,10032,13312
2026-06-21 21:20,11567,9683,13408
2026-06-21 21:25,11471,10007,12605
2026-06-21 21:30,11219,9690,12339
2026-06-21 21:35,10902,9548,12700
2026-06-21 21:40,11727,8812,12401
2026-06-21 21:45,11812,8509,11741
2026-06-21 21:50,11296,8561,12767
2026-06-21 21:55,10958,9126,11439
2026-06-21 22:00,11355,9559,12915
2026-06-21 22:05,11149,9326,12276
2026-06-21 22:10,10232,8844,11227
2026-06-21 22:15,10864,8288,11273
2026-06-21 22:20,10593,8974,11876
2026-06-21 22:25,10285,8076,12389
2026-06-21 22:30,11097,8712,11846
2026-06-21 22:35,10231,8791,11365
2026-06-21 22:40,9955,8811,11312
2026-06-21 22:45,9971,8930,10653
2026-06-21 22:50,10088,8001,12071
2026-06-21 22:55,10272,7817,10689
2026-06-21 23:00,10148,8695,11799
2026-06-21 23:05,10415,8509,11175
2026-06-21 23:10,9646,8433,11067
2026-06-21 23:15,10176,8004,11229
2026-06-21 23:20,10054,8484,10479
2026-06-21 23:25,10283,8270,10117
2026-06-21 23:30,9363,8271,10157
2026-06-21 23:35,9656,7869,10170
2026-06-21 23:40,9587,8125,10454
2026-06-21 23:45,9558,7210,10377
2026-06-21 23:50,9917,7708,10663
2026-06-21 23:55,9267,7965,10416
2026-06-22 00:00,4602,3466,4705
2026-06-22 00:05,4411,3677,5138
2026-06-22 00:10,4286,3704,5114
2026-06-22 00:15,4721,3660,5046
2026-06-22 00:20,4405,3413,4881
2026-06-22 00:25,4305,3540,4724
2026-06-22 00:30,4141,3624,4935
2026-06-22 00:35,4348,3689,4893
2026-06-22 00:40,4316,3834,5210
2026-06-22 00:45,4531,3694,4953
2026-06-22 00:50,4145,3408,4845
2026-06-22 00:55,4146,3648,5150
2026-06-22 01:00,4658,3856,5242
2026-06-22 01:05,4271,3567,4748
2026-06-22 01:10,4652,3886,4834
2026-06-22 01:15,4251,3899,5084
2026-06-22 01:20,4702,3814,4652
2026-06-22 01:25,4564,3841,4669
2026-06-22 01:30,4508,3425,4749
2026-06-22 01:35,4388,3609,4730
2026-06-22 01:40,4233,3658,4756
2026-06-22 01:45,4613,3547,4684
2026-06-22 01:50,4441,3628,5040
2026-06-22 01:55,4378,3406,5015
2026-06-22 02:00,4214,3527,4738
2026-06-22 02:05,4714,3885,5205
2026-06-22 02:10,4726,3830,4776
2026-06-22 02:15,4644,3897,4738
2026-06-22 02:20,4520,3400,4931
2026-06-22 02:25,4218,3678,4848
2026-06-22 02:30,4241,3661,4937
2026-06-22 02:35,4515,3656,5171
2026-06-22 02:40,4256,3604,5107
2026-06-22 02:45,4178,3405,4812
2026-06-22 02:50,4691,3706,4971
2026-06-22 02:55,4348,3466,4675
2026-06-22 03:00,4279,3616,4690
2026-06-22 03:05,4499,3891,4950
2026-06-22 03:10,4375,3693,4807
2026-06-22 03:15,4396,3732,4881
2026-06-22 03:20,4700,3546,5135
2026-06-22 03:25,4587,3741,4726
2026-06-22 03:30,4530,3407,5026
2026-06-22 03:35,4633,3483,4653
2026-06-22 03:40,4713,3578,5227
2026-06-22 03:45,4284,3632,4743
2026-06-22 03:50,4673,3728,5198
2026-06-22 03:55,4522,3699,5117
2026-06-22 04:00,4469,3401,4602
2026-06-22 04:05,4330,3512,5199
2026-06-22 04:10,4288,3467,4804
2026-06-22 04:15,4391,3751,5069
2026-06-22 04:20,4611,3717,4953
2026-06-22 04:25,4401,3448,4674
2026-06-22 04:30,4406,3480,4900
2026-06-22 04:35,4381,3390,5129
2026-06-22 04:40,4238,3892,5291
2026-06-22 04:45,4323,3408,4785
2026-06-22 04:50,4455,3865,4965
2026-06-22 04:55,4239,3683,4847
2026-06-22 05:00,4193,3739,5046
2026-06-22 05:05,4302,3533,4861
2026-06-22 05:10,4728,3480,4811
2026-06-22 05:15,4150,3634,5125
2026-06-22 05:20,4155,3469,4959
2026-06-22 05:25,4502,3722,5043
2026-06-22 05:30,4306,3465,4691
2026-06-22 05:35,4180,3507,5211
2026-06-22 05:40,4479,3828,5137
2026-06-22 05:45,4563,3619,5001
2026-06-22 05:50,4370,3895,4612
2026-06-22 05:55,4514,3796,4634
2026-06-22 06:00,4682,3525,4963
2026-06-22 06:05,4430,3774,4681
2026-06-22 06:10,4414,3623,4650
2026-06-22 06:15,4621,3694,5225
2026-06-22 06:20,4143,3419,5148
2026-06-22 06:25,4397,3897,4862
2026-06-22 06:30,4310,3756,4992
2026-06-22 06:35,4526,3790,5060
2026-06-22 06:40,4366,3527,5056
2026-06-22 06:45,4656,3664,4845
2026-06-22 06:50,4224,3437,4760
2026-06-22 06:55,4452,3873,4979
2026-06-22 07:00,4223,3884,4715
2026-06-22 07:05,4595,3611,5045
2026-06-22 07:10,4279,3802,5194
2026-06-22 07:15,4703,3391,5132
2026-06-22 07:20,4417,3403,4808
2026-06-22 07:25,4530,3808,4953
2026-06-22 07:30,4556,3548,4690
2026-06-22 07:35,4551,3454,5018
2026-06-22 07:40,4559,3809,4829
2026-06-22 07:45,4180,3638,5119
2026-06-22 07:50,4695,3562,4926
2026-06-22 07:55,4505,3467,4780
2026-06-22 08:00,4289,3830,5019
2026-06-22 08:05,4307,3856,4960
2026-06-22 08:10,4515,3566,4903
2026-06-22 08:15,4596,3709,4842
2026-06-22 08:20,4361,3597,4664
2026-06-22 08:25,4675,3440,4903
2026-06-22 08:30,4505,3462,4731
2026-06-22 08:35,4465,3762,5077
2026-06-22 08:40,4146,3415,5132
2026-06-22 08:45,4263,3788,5180
2026-06-22 08:50,4373,3540,4911
2026-06-22 08:55,4601,3888,5288
2026-06-22 09:00,4538,3641,5245
2026-06-22 09:05,4220,3866,5080
2026-06-22 09:10,4556,3867,4609
2026-06-22 09:15,4230,3628,5273
2026-06-22 09:20,4464,3820,4850
2026-06-22 09:25,4514,3789,4657
2026-06-22 09:30,4201,3868,4936
2026-06-22 09:35,4332,3742,5033
2026-06-22 09:40,4299,3625,5064
2026-06-22 09:45,4737,3880,4840
2026-06-22 09:50,4590,3916,5162
2026-06-22 09:55,4683,3891,5308
2026-06-22 10:00,4730,3561,5196
2026-06-22 10:05,4390,3496,4679
2026-06-22 10:10,4293,3948,4755
2026-06-22 10:15,4660,3771,4929
2026-06-22 10:20,4366,3584,5380
2026-06-22 10:25,4431,3638,4729
2026-06-22 10:30,4591,3929,5255
2026-06-22 10:35,4520,3683,5306
2026-06-22 10:40,4476,3940,4968
2026-06-22 10:45,4592,3621,4836
2026-06-22 10:50,4590,3848,4936
2026-06-22 10:55,4744,3885,5179
2026-06-22 11:00,4959,3747,4879
2026-06-22 11:05,5011,3737,5172
2026-06-22 11:10,4982,3687,5463
2026-06-22 11:15,4613,3878,5068
2026-06-22 11:20,4756,4108,5548
2026-06-22 11:25,4746,4080,5202
2026-06-22 11:30,5125,4004,5499
2026-06-22 11:35,4508,3817,5087
2026-06-22 11:40,5015,4205,5514
2026-06-22 11:45,4685,3900,5155
2026-06-22 11:50,4668,4108,5728
2026-06-22 11:55,4600,3992,5413
2026-06-22 12:00,4850,4171,5456
2026-06-22 12:05,4750,3902,5742
2026-06-22 12:10,5319,4377,5496
2026-06-22 12:15,4716,4134,5337
2026-06-22 12:20,5289,4022,5477
2026-06-22 12:25,4973,4424,6077
2026-06-22 12:30,5098,4137,5865
2026-06-22 12:35,5169,4222,5925
2026-06-22 12:40,4996,4381,5741
2026-06-22 12:45,5337,4547,5970
2026-06-22 12:50,5500,4458,6060
2026-06-22 12:55,5641,4580,5581
2026-06-22 13:00,5580,4588,6042
2026-06-22 13:05,5333,4135,5833
2026-06-22 13:10,5283,4274,6172
2026-06-22 13:15,5683,4630,5745
2026-06-22 13:20,5460,4804,6390
2026-06-22 13:25,5730,4777,5996
2026-06-22 13:30,5862,4529,5815
2026-06-22 13:35,5413,4516,6644
2026-06-22 13:40,5727,4528,5860
2026-06-22 13:45,5905,4792,6670
2026-06-22 13:50,5568,4525,6178
2026-06-22 13:55,5894,4488,6200
2026-06-22 14:00,5535,4815,6355
2026-06-22 14:05,5887,5049,6179
2026-06-22 14:10,5906,4567,7003
2026-06-22 14:15,5646,4902,6908
2026-06-22 14:20,5720,4754,6320
2026-06-22 14:25,6308,4982,6342
2026-06-22 14:30,6286,4701,6372
2026-06-22 14:35,6371,5311,6948
2026-06-22 14:40,6429,4913,7045
2026-06-22 14:45,6236,5281,7213
2026-06-22 14:50,6584,5458,6866
2026-06-22 14:55,5924,4826,6521
2026-06-22 15:00,5944,4873,7100
2026-06-22 15:05,5970,5111,6653
2026-06-22 15:10,6612,5156,6892
2026-06-22 15:15,6370,5214,7080
2026-06-22 15:20,6103,4976,7205
2026-06-22 15:25,6434,5606,7693
2026-06-22 15:30,6858,5730,7687
2026-06-22 15:35,6355,5314,7112
2026-06-22 15:40,7068,5285,7312
2026-06-22 15:45,6532,5862,7683
2026-06-22 15:50,7076,5491,7157
2026-06-22 15:55,6689,5257,7575
2026-06-22 16:00,7231,6062,7391
2026-06-22 16:05,6669,5997,7892
2026-06-22 16:10,7071,5454,8188
2026-06-22 16:15,7120,5394,7639
2026-06-22 16:20,6794,5608,7917
2026-06-22 16:25,6658,5969,7666
2026-06-22 16:30,6996,6303,8481
2026-06-22 16:35,7659,6378,8529
2026-06-22 16:40,7330,5979,8622
2026-06-22 16:45,7171,6418,8137
2026-06-22 16:50,7738,6496,8368
2026-06-22 16:55,7379,5942,8139
2026-06-22 17:00,7183,6305,8022
2026-06-22 17:05,7923,5838,7907
2026-06-22 17:10,7341,6180,8580
2026-06-22 17:15,7273,6513,8817
2026-06-22 17:20,8085,6439,8757
2026-06-22 17:25,7960,6295,8136
2026-06-22 17:30,8293,6731,8493
2026-06-22 17:35,7810,6470,9040
2026-06-22 17:40,8048,6751,8857
2026-06-22 17:45,8483,6808,8458
2026-06-22 17:50,8312,6979,8628
2026-06-22 17:55,8111,6386,9258
2026-06-22 18:00,7784,7016,8900
2026-06-22 18:05,8566,6360,9104
2026-06-22 18:10,8846,6888,8856
2026-06-22 18:15,8233,7292,8826
2026-06-22 18:20,8899,7358,8953
2026-06-22 18:25,8033,7011,9648
2026-06-22 18:30,8874,6891,9683
2026-06-22 18:35,8673,7477,9085
2026-06-22 18:40,8681,7254,9203
2026-06-22 18:45,8869,6702,9937
2026-06-22 18:50,8681,6784,10120
2026-06-22 18:55,9199,7370,10431
2026-06-22 19:00,8759,7131,10517
2026-06-22 19:05,8387,7595,9797
2026-06-22 19:10,8685,7164,10512
2026-06-22 19:15,8849,7583,9865
2026-06-22 19:20,9247,7506,10146
2026-06-22 19:25,9733,7096,10787
2026-06-22 19:30,9039,7541,10516
2026-06-22 19:35,9435,7476,10721
2026-06-22 19:40,10048,8089,10080
2026-06-22 19:45,9596,7849,10600
2026-06-22 19:50,9736,8100,10505
2026-06-22 19:55,9448,7982,11431
2026-06-22 20:00,10270,7780,10412
2026-06-22 20:05,10067,7521,10518
2026-06-22 20:10,10409,8550,10401
2026-06-22 20:15,9743,7938,11608
2026-06-22 20:20,9871,7772,10883
2026-06-22 20:25,9395,7721,10584
2026-06-22 20:30,10493,7911,12063
2026-06-22 20:35,10479,8219,11701
2026-06-22 20:40,10896,8984,11200
2026-06-22 20:45,10557,8137,11258
2026-06-22 20:50,9948,8645,11374
2026-06-22 20:55,9877,8200,11203
2026-06-22 21:00,10058,9084,12114
2026-06-22 21:05,10692,8359,12222
2026-06-22 21:10,10106,9149,11953
2026-06-22 21:15,10952,7922,10994
2026-06-22 21:20,10893,7880,11180
2026-06-22 21:25,9727,8115,12148
2026-06-22 21:30,10466,7940,10650
2026-06-22 21:35,9539,8502,10937
2026-06-22 21:40,9735,7652,11616
2026-06-22 21:45,10527,8622,10939
2026-06-22 21:50,10124,8154,11700
2026-06-22 21:55,9164,7726,11078
2026-06-22 22:00,9433,8528,11516
2026-06-22 22:05,8988,7819,10156
2026-06-22 22:10,9279,7783,10653
2026-06-22 22:15,9449,7327,10082
2026-06-22 22:20,9567,7792,10106
2026-06-22 22:25,9182,8193,10771
2026-06-22 22:30,8856,7361,10166
2026-06-22 22:35,9027,7491,9777
2026-06-22 22:40,8557,7631,9713
2026-06-22 22:45,8847,7632,9782
2026-06-22 22:50,8988,7863,10073
2026-06-22 22:55,8462,6949,10393
2026-06-22 23:00,8636,6887,9430
2026-06-22 23:05,8521,7281,9962
2026-06-22 23:10,9231,7236,10265
2026-06-22 23:15,8903,7225,9252
2026-06-22 23:20,8782,6760,9088
2026-06-22 23:25,8254,6744,9441
2026-06-22 23:30,8503,6760,10112
2026-06-22 23:35,8228,7402,10018
2026-06-22 23:40,7849,7242,10039
2026-06-22 23:45,8061,6812,8733
2026-06-22 23:50,8894,6611,9140
2026-06-22 23:55,7739,6582,9397
2026-06-23 00:00,4145,3715,5064
2026-06-23 00:05,4304,3762,4744
2026-06-23 00:10,4611,3642,4916
2026-06-23 00:15,4434,3730,4999
2026-06-23 00:20,4210,3767,4739
2026-06-23 00:25,4266,3425,4797
2026-06-23 00:30,4693,3671,5154
2026-06-23 00:35,4346,3704,4944
2026-06-23 00:40,4394,3413,5097
2026-06-23 00:45,4222,3670,4763
2026-06-23 00:50,4391,3804,4635
2026-06-23 00:55,4686,3473,5145
2026-06-23 01:00,4592,3676,4794
2026-06-23 01:05,4203,3639,4700
2026-06-23 01:10,4518,3728,4799
2026-06-23 01:15,4143,3746,4819
2026-06-23 01:20,4335,3641,4913
2026-06-23 01:25,4434,3604,5142
2026-06-23 01:30,4730,3436,5007
2026-06-23 01:35,4547,3868,5239
2026-06-23 01:40,4634,3876,5187
2026-06-23 01:45,4289,3527,4693
2026-06-23 01:50,4592,3795,5115
2026-06-23 01:55,4429,3522,5111
2026-06-23 02:00,4727,3463,4814
2026-06-23 02:05,4506,3768,4993
2026-06-23 02:10,4480,3427,4981
2026-06-23 02:15,4683,3703,4742
2026-06-23 02:20,4626,3835,4813
2026-06-23 02:25,4690,3888,5069
2026-06-23 02:30,4291,3550,4788
2026-06-23 02:35,4724,3501,5025
2026-06-23 02:40,4407,3812,4914
2026-06-23 02:45,4710,3574,5036
2026-06-23 02:50,4153,3540,5064
2026-06-23 02:55,4390,3674,4716
2026-06-23 03:00,4239,3524,4727
2026-06-23 03:05,4151,3867,5037
2026-06-23 03:10,4120,3409,4787
2026-06-23 03:15,4409,3701,4714
2026-06-23 03:20,4210,3665,4878
2026-06-23 03:25,4121,3810,4826
2026-06-23 03:30,4376,3778,4667
2026-06-23 03:35,4503,3448,4888
2026-06-23 03:40,4429,3739,5096
2026-06-23 03:45,4232,3531,5117
2026-06-23 03:50,4662,3532,5280
2026-06-23 03:55,4666,3559,5240
2026-06-23 04:00,4658,3510,4857
2026-06-23 04:05,4356,3428,5139
2026-06-23 04:10,4724,3689,4919
2026-06-23 04:15,4212,3459,5130
2026-06-23 04:20,4217,3619,4673
2026-06-23 04:25,4268,3535,4924
2026-06-23 04:30,4528,3580,4924
2026-06-23 04:35,4303,3529,4917
2026-06-23 04:40,4521,3667,5016
2026-06-23 04:45,4463,3881,4846
2026-06-23 04:50,4582,3458,5072
2026-06-23 04:55,4362,3809,4670
2026-06-23 05:00,4467,3393,5113
2026-06-23 05:05,4219,3397,5265
2026-06-23 05:10,4172,3619,5231
2026-06-23 05:15,4121,3785,5128
2026-06-23 05:20,4725,3712,4727
2026-06-23 05:25,4722,3487,4960
2026-06-23 05:30,4152,3719,4820
2026-06-23 05:35,4384,3519,4658
2026-06-23 05:40,4629,3620,4681
2026-06-23 05:45,4208,3431,5038
2026-06-23 05:50,4580,3433,5179
2026-06-23 05:55,4702,3785,4689
2026-06-23 06:00,4335,3549,5019
2026-06-23 06:05,4472,3845,4958
2026-06-23 06:10,4622,3736,4794
2026-06-23 06:15,4342,3448,4702
2026-06-23 06:20,4177,3706,4825
2026-06-23 06:25,4369,3722,4701
2026-06-23 06:30,4206,3569,4875
2026-06-23 06:35,4517,3811,4631
2026-06-23 06:40,4512,3760,5285
2026-06-23 06:45,4236,3718,4894
2026-06-23 06:50,4371,3725,5030
2026-06-23 06:55,4549,3453,4908
2026-06-23 07:00,4573,3601,4725
2026-06-23 07:05,4385,3402,4880
2026-06-23 07:10,4654,3485,5172
2026-06-23 07:15,4481,3619,4754
2026-06-23 07:20,4483,3423,4850
2026-06-23 07:25,4615,3752,5064
2026-06-23 07:30,4153,3817,5264
2026-06-23 07:35,4499,3598,5223
2026-06-23 07:40,4383,3494,4803
2026-06-23 07:45,4223,3455,4692
2026-06-23 07:50,4271,3570,5233
2026-06-23 07:55,4649,3868,5025
2026-06-23 08:00,4194,3862,4769
2026-06-23 08:05,4372,3430,4759
2026-06-23 08:10,4705,3687,5118
2026-06-23 08:15,4132,3813,4759
2026-06-23 08:20,4710,3465,5187
2026-06-23 08:25,4535,3398,4904
2026-06-23 08:30,4572,3770,4945
2026-06-23 08:35,4674,3511,4897
2026-06-23 08:40,4505,3712,5039
2026-06-23 08:45,4157,3868,4655
2026-06-23 08:50,4494,3724,5161
2026-06-23 08:55,4412,3428,5138
2026-06-23 09:00,4408,3752,4881
2026-06-23 09:05,4463,3794,5020
2026-06-23 09:10,4166,3561,4899
2026-06-23 09:15,4243,3704,5024
2026-06-23 09:20,4615,3779,5249
2026-06-23 09:25,4700,3521,4740
2026-06-23 09:30,4674,3546,4932
2026-06-23 09:35,4572,3478,5267
2026-06-23 09:40,4739,3906,4945
2026-06-23 09:45,4694,3446,4983
2026-06-23 09:50,4543,3814,5008
2026-06-23 09:55,4736,3610,4850
2026-06-23 10:00,4710,3802,5080
2026-06-23 10:05,4663,3555,5024
2026-06-23 10:10,4485,3593,5040
2026-06-23 10:15,4526,3858,5159
2026-06-23 10:20,4795,3972,4789
2026-06-23 10:25,4628,3570,5145
2026-06-23 10:30,4803,3885,4993
2026-06-23 10:35,4396,3593,5452
2026-06-23 10:40,4599,3845,5166
2026-06-23 10:45,4722,3880,5500
2026-06-23 10:50,4452,3863,5436
2026-06-23 10:55,4633,3681,5359
2026-06-23 11:00,4557,3814,5405
2026-06-23 11:05,4793,3851,5203
2026-06-23 11:10,4553,3606,5362
2026-06-23 11:15,4886,4060,5476
2026-06-23 11:20,4625,3753,5085
2026-06-23 11:25,4880,3715,5199
2026-06-23 11:30,4718,3700,5051
2026-06-23 11:35,4854,4075,5428
2026-06-23 11:40,5038,4100,5182
2026-06-23 11:45,4737,4095,5579
2026-06-23 11:50,4739,4059,5574
2026-06-23 11:55,4912,4001,5671
2026-06-23 12:00,5263,3891,5239
2026-06-23 12:05,5290,3861,5949
2026-06-23 12:10,5028,3853,5815
2026-06-23 12:15,5055,3865,5975
2026-06-23 12:20,5135,4132,5325
2026-06-23 12:25,5351,4054,5535
2026-06-23 12:30,5343,3940,6021
2026-06-23 12:35,5317,3963,5405
2026-06-23 12:40,5246,4335,6050
2026-06-23 12:45,5141,4279,5636
2026-06-23 12:50,5136,4111,5615
2026-06-23 12:55,5157,4115,5891
2026-06-23 13:00,5059,4224,5685
2026-06-23 13:05,5547,4233,6109
2026-06-23 13:10,5176,4483,6307
2026-06-23 13:15,5561,4785,5707
2026-06-23 13:20,5271,4298,6511
2026-06-23 13:25,5231,4402,5934
2026-06-23 13:30,5539,4878,6139
2026-06-23 13:35,5220,4691,5976
2026-06-23 13:40,5985,4569,6521
2026-06-23 13:45,5739,4627,6685
2026-06-23 13:50,5593,4456,6600
2026-06-23 13:55,6146,4768,6053
2026-06-23 14:00,5689,4618,6181
2026-06-23 14:05,5693,4810,6522
2026-06-23 14:10,6207,4653,6300
2026-06-23 14:15,5764,4658,6722
2026-06-23 14:20,6019,5227,6840
2026-06-23 14:25,5818,4914,6484
2026-06-23 14:30,6133,4823,6581
2026-06-23 14:35,5859,5315,7130
2026-06-23 14:40,5895,5368,6577
2026-06-23 14:45,6322,5190,6873
2026-06-23 14:50,6289,5093,6696
2026-06-23 14:55,6633,5095,7114
2026-06-23 15:00,6471,4862,6612
2026-06-23 15:05,6756,5047,7439
2026-06-23 15:10,6445,5347,6964
2026-06-23 15:15,6849,4968,7090
2026-06-23 15:20,6278,5679,7125
2026-06-23 15:25,6527,5717,7315
2026-06-23 15:30,6194,5433,7624
2026-06-23 15:35,6634,5502,6986
2026-06-23 15:40,6281,5361,7574
2026-06-23 15:45,6501,5582,7979
2026-06-23 15:50,6829,5963,8007
2026-06-23 15:55,6645,6004,7541
2026-06-23 16:00,7328,5617,7301
2026-06-23 16:05,7315,5736,8145
2026-06-23 16:10,7279,5906,8065
2026-06-23 16:15,7405,5491,8393
2026-06-23 16:20,6924,5955,8195
2026-06-23 16:25,7520,5615,7484
2026-06-23 16:30,6686,5702,8315
2026-06-23 16:35,7329,6170,7749
2026-06-23 16:40,7541,5877,8400
2026-06-23 16:45,6877,5976,8077
2026-06-23 16:50,7754,5983,8631
2026-06-23 16:55,7959,6170,7877
2026-06-23 17:00,6994,5857,8762
2026-06-23 17:05,7056,6183,8690
2026-06-23 17:10,7315,5885,8219
2026-06-23 17:15,7336,6725,8807
2026-06-23 17:20,8095,6311,9146
2026-06-23 17:25,7851,5995,8877
2026-06-23 17:30,8236,6729,8420
2026-06-23 17:35,7670,6374,8709
2026-06-23 17:40,8231,6632,9229
2026-06-23 17:45,7510,6931,9297
2026-06-23 17:50,8535,6432,9238
2026-06-23 17:55,8503,6331,8877
2026-06-23 18:00,7908,7209,8712
2026-06-23 18:05,8111,6741,8722
2026-06-23 18:10,8589,7005,9182
2026-06-23 18:15,8391,6583,9307
2026-06-23 18:20,7979,6556,9139
2026-06-23 18:25,8833,6732,10080
2026-06-23 18:30,8727,6835,8978
2026-06-23 18:35,8257,7487,9762
2026-06-23 18:40,9278,7519,9971
2026-06-23 18:45,8989,7427,9563
2026-06-23 18:50,8860,7513,9228
2026-06-23 18:55,8344,6866,9248
2026-06-23 19:00,8549,7359,9376
2026-06-23 19:05,9011,7850,10476
2026-06-23 19:10,8553,7062,10182
2026-06-23 19:15,9678,7609,9938
2026-06-23 19:20,8872,7078,10019
2026-06-23 19:25,9104,7761,10414
2026-06-23 19:30,9936,8105,10658
2026-06-23 19:35,8978,7514,11037
2026-06-23 19:40,9557,7795,9826
2026-06-23 19:45,8937,7714,10319
2026-06-23 19:50,10217,7677,10897
2026-06-23 19:55,9221,7492,10084
2026-06-23 20:00,10324,7561,11406
2026-06-23 20:05,9423,7500,10665
2026-06-23 20:10,9921,7546,11371
2026-06-23 20:15,9957,8119,11271
2026-06-23 20:20,9341,7919,11543
2026-06-23 20:25,10014,8279,11466
2026-06-23 20:30,10720,7882,11893
2026-06-23 20:35,9872,8528,11954
2026-06-23 20:40,10246,8686,11442
2026-06-23 20:45,10789,8434,11721
2026-06-23 20:50,10580,8190,11518
2026-06-23 20:55,10775,8360,11749
2026-06-23 21:00,10611,8711,12227
2026-06-23 21:05,10347,9140,11719
2026-06-23 21:10,10909,8570,11011
2026-06-23 21:15,10789,8277,11806
2026-06-23 21:20,10528,8915,11609
2026-06-23 21:25,10687,8557,11451
2026-06-23 21:30,10508,8119,10720
2026-06-23 21:35,9472,8762,11299
2026-06-23 21:40,10214,8472,11594
2026-06-23 21:45,10015,8341,11691
2026-06-23 21:50,9948,8546,10398
2026-06-23 21:55,10292,8553,10514
2026-06-23 22:00,9355,7727,10102
2026-06-23 22:05,9449,7957,10090
2026-06-23 22:10,10136,8050,10118
2026-06-23 22:15,9460,7800,9980
2026-06-23 22:20,9624,7679,9833
2026-06-23 22:25,9903,7408,9987
2026-06-23 22:30,9223,7149,10664
2026-06-23 22:35,9491,7819,10364
2026-06-23 22:40,9646,7671,10297
2026-06-23 22:45,8847,7492,10383
2026-06-23 22:50,8635,7764,9435
2026-06-23 22:55,9445,6977,9792
2026-06-23 23:00,9246,7428,9526
2026-06-23 23:05,8637,7792,9592
2026-06-23 23:10,8296,7048,10417
2026-06-23 23:15,8875,7134,10360
2026-06-23 23:20,8399,7470,10021
2026-06-23 23:25,9099,7145,9248
2026-06-23 23:30,8535,6743,9496
2026-06-23 23:35,8274,7422,9308
2026-06-23 23:40,8811,6788,9893
2026-06-23 23:45,8665,6711,9323
2026-06-23 23:50,8398,6839,9137
2026-06-23 23:55,8446,7124,8680
2026-06-24 00:00,4643,3859,5250
2026-06-24 00:05,4164,3399,4950
2026-06-24 00:10,4692,3720,4822
2026-06-24 00:15,4227,3436,4931
2026-06-24 00:20,4435,3670,5037
2026-06-24 00:25,4348,3740,5032
2026-06-24 00:30,4686,3710,4992
2026-06-24 00:35,4367,3440,5164
2026-06-24 00:40,4218,3584,4820
2026-06-24 00:45,4541,3821,5213
2026-06-24 00:50,4397,3627,5204
2026-06-24 00:55,4251,3815,4769
2026-06-24 01:00,4521,3889,4694
2026-06-24 01:05,4497,3616,5247
2026-06-24 01:10,4483,3746,4806
2026-06-24 01:15,4732,3696,4962
2026-06-24 01:20,4449,3511,5159
2026-06-24 01:25,4197,3421,5022
2026-06-24 01:30,4466,3593,4820
2026-06-24 01:35,4400,3465,5177
2026-06-24 01:40,4655,3651,5092
2026-06-24 01:45,4343,3553,5241
2026-06-24 01:50,4266,3774,5224
2026-06-24 01:55,4144,3513,4790
2026-06-24 02:00,4448,3836,5189
2026-06-24 02:05,4421,3637,4770
2026-06-24 02:10,4136,3580,5114
2026-06-24 02:15,4416,3764,5190
2026-06-24 02:20,4521,3479,5141
2026-06-24 02:25,4623,3773,5162
2026-06-24 02:30,4128,3456,4722
2026-06-24 02:35,4377,3890,4615
2026-06-24 02:40,4195,3578,4979
2026-06-24 02:45,4291,3410,5227
2026-06-24 02:50,4728,3892,4896
2026-06-24 02:55,4530,3410,4967
2026-06-24 03:00,4688,3396,5087
2026-06-24 03:05,4692,3872,5015
2026-06-24 03:10,4715,3576,5124
2026-06-24 03:15,4693,3427,5079
2026-06-24 03:20,4409,3539,4694
2026-06-24 03:25,4377,3481,4862
2026-06-24 03:30,4698,3880,4770
2026-06-24 03:35,4655,3730,5260
2026-06-24 03:40,4534,3493,4684
2026-06-24 03:45,4719,3430,5029
2026-06-24 03:50,4242,3410,4669
2026-06-24 03:55,4270,3717,5125
2026-06-24 04:00,4542,3647,5088
2026-06-24 04:05,4564,3394,5215
2026-06-24 04:10,4323,3811,4739
2026-06-24 04:15,4339,3803,5020
2026-06-24 04:20,4730,3663,5075
2026-06-24 04:25,4449,3866,4704
2026-06-24 04:30,4339,3478,4690
2026-06-24 04:35,4441,3610,4983
2026-06-24 04:40,4488,3779,4610
2026-06-24 04:45,4637,3598,5098
2026-06-24 04:50,4386,3675,4914
2026-06-24 04:55,4521,3684,5087
2026-06-24 05:00,4615,3767,4718
2026-06-24 05:05,4528,3650,4957
2026-06-24 05:10,4672,3764,5203
2026-06-24 05:15,4573,3437,4975
2026-06-24 05:20,4567,3429,4866
2026-06-24 05:25,4358,3676,5105
2026-06-24 05:30,4150,3625,5123
2026-06-24 05:35,4609,3692,4700
2026-06-24 05:40,4736,3784,5237
2026-06-24 05:45,4161,3838,4643
2026-06-24 05:50,4637,3694,5067
2026-06-24 05:55,4625,3567,5220
2026-06-24 06:00,4548,3498,4901
2026-06-24 06:05,4516,3716,4718
2026-06-24 06:10,4474,3574,5280
2026-06-24 06:15,4285,3712,4770
2026-06-24 06:20,4557,3857,5097
2026-06-24 06:25,4273,3477,4635
2026-06-24 06:30,4243,3634,4987
2026-06-24 06:35,4474,3708,5258
2026-06-24 06:40,4297,3745,4795
2026-06-24 06:45,4488,3830,4888
2026-06-24 06:50,4171,3774,5233
2026-06-24 06:55,4419,3762,4926
2026-06-24 07:00,4337,3676,5192
2026-06-24 07:05,4606,3576,4867
2026-06-24 07:10,4171,3892,5028
2026-06-24 07:15,4718,3473,4799
2026-06-24 07:20,4486,3471,4633
2026-06-24 07:25,4701,3540,5120
2026-06-24 07:30,4214,3497,4767
2026-06-24 07:35,4717,3590,5157
2026-06-24 07:40,4248,3631,5259
2026-06-24 07:45,4338,3851,5191
2026-06-24 07:50,4398,3894,5192
2026-06-24 07:55,4163,3814,5043
2026-06-24 08:00,4224,3867,5037
2026-06-24 08:05,4737,3807,4729
2026-06-24 08:10,4559,3481,5087
2026-06-24 08:15,4491,3513,4857
2026-06-24 08:20,4252,3513,4907
2026-06-24 08:25,4198,3764,4789
2026-06-24 08:30,4457,3880,4715
2026-06-24 08:35,4460,3760,5050
2026-06-24 08:40,4689,3397,4776
2026-06-24 08:45,4601,3515,5233
2026-06-24 08:50,4524,3693,4902
2026-06-24 08:55,4610,3863,5091
2026-06-24 09:00,4598,3796,4894
2026-06-24 09:05,4731,3845,4607
2026-06-24 09:10,4344,3827,4949
2026-06-24 09:15,4118,3620,4888
2026-06-24 09:20,4136,3863,5288
2026-06-24 09:25,4405,3557,5246
2026-06-24 09:30,4451,3431,5270
2026-06-24 09:35,4189,3616,5289
2026-06-24 09:40,4285,3644,5081
2026-06-24 09:45,4400,3693,4909
2026-06-24 09:50,4191,3540,5049
2026-06-24 09:55,4619,3628,5225
2026-06-24 10:00,4668,3780,5186
2026-06-24 10:05,4185,3608,4659
2026-06-24 10:10,4718,3468,5057
2026-06-24 10:15,4372,3674,4927
2026-06-24 10:20,4554,3916,4800
2026-06-24 10:25,4702,3836,5002
2026-06-24 10:30,4645,3572,4779
2026-06-24 10:35,4433,3641,4805
2026-06-24 10:40,4429,3800,4962
2026-06-24 10:45,4289,3850,5084
2026-06-24 10:50,4678,3871,5072
2026-06-24 10:55,4942,3679,5055
2026-06-24 11:00,4955,3817,5138
2026-06-24 11:05,4465,4004,5464
2026-06-24 11:10,4684,4041,5101
2026-06-24 11:15,4596,4087,5231
2026-06-24 11:20,4677,3642,5544
2026-06-24 11:25,4660,3928,4967
2026-06-24 11:30,4738,4081,5483
2026-06-24 11:35,5021,4151,5504
2026-06-24 11:40,4606,4210,5643
2026-06-24 11:45,5043,3799,5262
2026-06-24 11:50,4651,3811,5390
2026-06-24 11:55,4975,4245,5272
2026-06-24 12:00,4863,4367,5394
2026-06-24 12:05,4717,3887,5550
2026-06-24 12:10,4936,4354,5517
2026-06-24 12:15,5378,4223,5843
2026-06-24 12:20,5253,4470,5462
2026-06-24 12:25,5067,4354,5722
2026-06-24 12:30,5054,4393,5647
2026-06-24 12:35,5496,4145,5790
2026-06-24 12:40,5479,4256,6016
2026-06-24 12:45,5590,4365,5639
2026-06-24 12:50,5312,4051,5695
2026-06-24 12:55,5565,4134,6217
2026-06-24 13:00,5236,4289,5867
2026-06-24 13:05,5431,4348,5784
2026-06-24 13:10,5267,4212,5933
2026-06-24 13:15,5097,4591,6049
2026-06-24 13:20,5850,4472,6542
2026-06-24 13:25,5880,4514,6058
2026-06-24 13:30,5322,4283,5958
2026-06-24 13:35,5675,4894,6106
2026-06-24 13:40,6017,4665,5917
2026-06-24 13:45,5832,4439,6328
2026-06-24 13:50,5945,4515,6096
2026-06-24 13:55,5562,4599,6086
2026-06-24 14:00,6113,4474,6404
2026-06-24 14:05,5523,4908,6706
2026-06-24 14:10,5511,4758,6812
2026-06-24 14:15,6142,4679,6336
2026-06-24 14:20,5985,4864,6504
2026-06-24 14:25,6318,5149,6812
2026-06-24 14:30,5705,4629,6339
2026-06-24 14:35,6377,4885,6646
2026-06-24 14:40,6271,4853,6912
2026-06-24 14:45,5871,4958,7319
2026-06-24 14:50,6036,5233,6557
2026-06-24 14:55,6405,5180,6829
2026-06-24 15:00,6379,5243,6939
2026-06-24 15:05,6296,5090,7165
2026-06-24 15:10,6405,5460,7081
2026-06-24 15:15,6105,5500,7068
2026-06-24 15:20,6601,5199,7238
2026-06-24 15:25,6288,5220,7357
2026-06-24 15:30,6624,5151,7786
2026-06-24 15:35,6666,5682,7680
2026-06-24 15:40,6373,5684,7886
2026-06-24 15:45,7135,5183,7121
2026-06-24 15:50,6556,5207,7114
2026-06-24 15:55,7174,5388,7674
2026-06-24 16:00,7012,5791,7501
2026-06-24 16:05,6910,5829,7225
2026-06-24 16:10,7012,5772,7904
2026-06-24 16:15,6855,5782,8235
2026-06-24 16:20,7322,5531,7412
2026-06-24 16:25,7636,5990,8267
2026-06-24 16:30,7129,5717,8023
2026-06-24 16:35,7472,6119,7855
2026-06-24 16:40,6862,6333,8326
2026-06-24 16:45,7851,6470,8438
2026-06-24 16:50,7820,6427,8267
2026-06-24 16:55,7544,6547,8090
2026-06-24 17:00,7191,6406,7856
2026-06-24 17:05,7693,6014,8252
2026-06-24 17:10,7690,6369,8361
2026-06-24 17:15,7995,5935,7986
2026-06-24 17:20,7832,6526,8828
2026-06-24 17:25,7604,6350,9121
2026-06-24 17:30,7954,6208,8963
2026-06-24 17:35,7613,6337,8819
2026-06-24 17:40,8371,6575,8879
2026-06-24 17:45,8432,7041,8510
2026-06-24 17:50,8248,6383,8864
2026-06-24 17:55,8521,7166,9577
2026-06-24 18:00,8161,6825,9102
2026-06-24 18:05,8037,6916,8925
2026-06-24 18:10,8140,7283,9839
2026-06-24 18:15,8350,7219,8897
2026-06-24 18:20,7876,6895,9011
2026-06-24 18:25,8099,7010,10051
2026-06-24 18:30,9126,6969,9182
2026-06-24 18:35,8430,7288,10286
2026-06-24 18:40,8494,7178,10011
2026-06-24 18:45,8153,7295,10140
2026-06-24 18:50,9351,7471,10184
2026-06-24 18:55,8712,6995,10578
2026-06-24 19:00,9292,7108,9644
2026-06-24 19:05,8507,7529,9846
2026-06-24 19:10,8801,7062,9459
2026-06-24 19:15,8485,7159,10368
2026-06-24 19:20,9721,7327,10238
2026-06-24 19:25,9385,8075,10449
2026-06-24 19:30,9601,7870,10172
2026-06-24 19:35,9398,7376,10515
2026-06-24 19:40,10059,8171,10127
2026-06-24 19:45,9230,7770,10651
2026-06-24 19:50,9881,7654,11268
2026-06-24 19:55,9949,8488,11058
2026-06-24 20:00,9672,8401,10934
2026-06-24 20:05,10179,7822,10725
2026-06-24 20:10,9339,8131,11292
2026-06-24 20:15,9452,8521,10614
2026-06-24 20:20,9769,8562,10452
2026-06-24 20:25,10003,8098,11534
2026-06-24 20:30,9458,8705,11329
2026-06-24 20:35,10648,7933,10806
2026-06-24 20:40,10286,8315,11789
2026-06-24 20:45,11009,8673,12050
2026-06-24 20:50,10919,9103,12298
2026-06-24 20:55,10945,8357,12339
2026-06-24 21:00,10419,9177,11533
2026-06-24 21:05,10352,9206,11125
2026-06-24 21:10,10011,8638,11571
2026-06-24 21:15,10734,8237,11772
2026-06-24 21:20,10750,8569,10665
2026-06-24 21:25,9977,8269,11112
2026-06-24 21:30,10598,8651,10813
2026-06-24 21:35,9953,8803,11602
2026-06-24 21:40,10400,8129,11399
2026-06-24 21:45,9280,8499,10597
2026-06-24 21:50,9919,8433,11065
2026-06-24 21:55,9783,8057,10223
2026-06-24 22:00,9774,7770,11306
2026-06-24 22:05,9747,8373,11488
2026-06-24 22:10,9609,8197,11291
2026-06-24 22:15,9028,8128,10074
2026-06-24 22:20,9479,7580,10621
2026-06-24 22:25,9334,7658,10482
2026-06-24 22:30,8876,7624,10873
2026-06-24 22:35,9757,7295,10887
2026-06-24 22:40,9185,7712,10631
2026-06-24 22:45,9026,7154,9889
2026-06-24 22:50,9159,7579,10430
2026-06-24 22:55,8754,7769,10690
2026-06-24 23:00,9389,6869,10052
2026-06-24 23:05,9445,7328,9898
2026-06-24 23:10,8900,7676,10249
2026-06-24 23:15,8187,7193,9352
2026-06-24 23:20,8848,7111,10208
2026-06-24 23:25,8754,7026,8987
2026-06-24 23:30,8914,7061,9471
2026-06-24 23:35,8846,7205,9276
2026-06-24 23:40,8692,6547,9822
2026-06-24 23:45,7986,6533,10005
2026-06-24 23:50,7811,7010,9671
2026-06-24 23:55,7865,6565,8973
2026-06-25 00:00,4311,3514,4693
2026-06-25 00:05,4509,3817,5013
2026-06-25 00:10,4585,3634,5124
2026-06-25 00:15,4143,3655,4945
2026-06-25 00:20,4631,3528,4669
2026-06-25 00:25,4409,3530,5270
2026-06-25 00:30,4597,3864,5003
2026-06-25 00:35,4311,3682,5263
2026-06-25 00:40,4565,3775,4758
2026-06-25 00:45,4275,3518,4831
2026-06-25 00:50,4259,3638,4836
2026-06-25 00:55,4516,3733,5076
2026-06-25 01:00,4728,3472,4813
2026-06-25 01:05,4710,3786,5021
2026-06-25 01:10,4208,3632,5077
2026-06-25 01:15,4734,3658,5094
2026-06-25 01:20,4137,3758,5140
2026-06-25 01:25,4538,3572,4838
2026-06-25 01:30,4244,3658,4759
2026-06-25 01:35,4414,3561,5050
2026-06-25 01:40,4696,3669,4954
2026-06-25 01:45,4123,3661,5221
2026-06-25 01:50,4711,3556,4914
2026-06-25 01:55,4667,3583,5187
2026-06-25 02:00,4653,3467,5249
2026-06-25 02:05,4356,3600,4765
2026-06-25 02:10,4297,3630,4620
2026-06-25 02:15,4581,3454,5282
2026-06-25 02:20,4408,3629,5212
2026-06-25 02:25,4177,3577,4914
2026-06-25 02:30,4447,3824,5018
2026-06-25 02:35,4322,3682,4653
2026-06-25 02:40,4609,3430,4675
2026-06-25 02:45,4634,3601,4909
2026-06-25 02:50,4156,3549,4981
2026-06-25 02:55,4296,3428,4824
2026-06-25 03:00,4389,3839,4629
2026-06-25 03:05,4284,3552,5075
2026-06-25 03:10,4142,3494,4619
2026-06-25 03:15,4566,3532,4677
2026-06-25 03:20,4212,3807,4984
2026-06-25 03:25,4154,3443,5009
2026-06-25 03:30,4150,3693,4892
2026-06-25 03:35,4351,3818,5286
2026-06-25 03:40,4540,3628,4909
2026-06-25 03:45,4547,3599,4807
2026-06-25 03:50,4702,3684,4761
2026-06-25 03:55,4351,3468,5287
2026-06-25 04:00,4489,3661,5013
2026-06-25 04:05,4562,3791,4773
2026-06-25 04:10,4495,3501,4654
2026-06-25 04:15,4142,3585,4829
2026-06-25 04:20,4336,3608,5019
2026-06-25 04:25,4529,3674,4675
2026-06-25 04:30,4267,3537,5100
2026-06-25 04:35,4257,3679,4836
2026-06-25 04:40,4593,3423,4775
2026-06-25 04:45,4700,3778,4895
2026-06-25 04:50,4644,3461,4642
2026-06-25 04:55,4134,3632,5147
2026-06-25 05:00,4387,3589,5250
2026-06-25 05:05,4631,3409,5113
2026-06-25 05:10,4419,3548,4726
2026-06-25 05:15,4145,3543,4687
2026-06-25 05:20,4139,3551,4778
2026-06-25 05:25,4264,3648,4880
2026-06-25 05:30,4620,3464,5167
2026-06-25 05:35,4382,3493,4683
2026-06-25 05:40,4660,3668,5168
2026-06-25 05:45,4661,3503,4880
2026-06-25 05:50,4652,3416,5244
2026-06-25 05:55,4335,3866,5145
2026-06-25 06:00,4659,3504,4651
2026-06-25 06:05,4233,3846,5058
2026-06-25 06:10,4140,3671,5111
2026-06-25 06:15,4557,3442,4870
2026-06-25 06:20,4494,3866,5024
2026-06-25 06:25,4284,3808,4849
2026-06-25 06:30,4594,3585,4749
2026-06-25 06:35,4237,3405,5135
2026-06-25 06:40,4396,3539,4662
2026-06-25 06:45,4386,3639,5079
2026-06-25 06:50,4474,3439,4799
2026-06-25 06:55,4564,3800,5100
2026-06-25 07:00,4571,3738,5111
2026-06-25 07:05,4128,3410,4721
2026-06-25 07:10,4549,3869,4986
2026-06-25 07:15,4367,3626,5128
2026-06-25 07:20,4153,3744,4725
2026-06-25 07:25,4646,3893,4949
2026-06-25 07:30,4256,3864,5256
2026-06-25 07:35,4714,3539,4653
2026-06-25 07:40,4595,3854,4654
2026-06-25 07:45,4235,3593,5232
2026-06-25 07:50,4621,3797,5095
2026-06-25 07:55,4193,3690,4906
2026-06-25 08:00,4147,3571,4800
2026-06-25 08:05,4246,3541,5130
2026-06-25 08:10,4647,3810,4837
2026-06-25 08:15,4530,3737,5217
2026-06-25 08:20,4562,3553,4729
2026-06-25 08:25,4411,3846,5131
2026-06-25 08:30,4681,3407,4658
2026-06-25 08:35,4252,3449,5199
2026-06-25 08:40,4264,3496,5264
2026-06-25 08:45,4311,3694,5222
2026-06-25 08:50,4623,3431,5127
2026-06-25 08:55,4349,3895,5039
2026-06-25 09:00,4617,3469,5159
2026-06-25 09:05,4485,3547,4786
2026-06-25 09:10,4332,3493,4779
2026-06-25 09:15,4194,3779,4965
2026-06-25 09:20,4688,3429,4807
2026-06-25 09:25,4381,3409,5109
2026-06-25 09:30,4717,3816,4948
2026-06-25 09:35,4604,3803,5294
2026-06-25 09:40,4693,3815,4936
2026-06-25 09:45,4384,3756,4798
2026-06-25 09:50,4429,3730,5262
2026-06-25 09:55,4449,3663,4903
2026-06-25 10:00,4650,3521,5063
2026-06-25 10:05,4741,3484,5022
2026-06-25 10:10,4541,3461,4934
2026-06-25 10:15,4393,3792,5014
2026-06-25 10:20,4451,3977,4925
2026-06-25 10:25,4502,3604,4930
2026-06-25 10:30,4595,3882,5314
2026-06-25 10:35,4828,3680,5161
2026-06-25 10:40,4321,3729,5024
2026-06-25 10:45,4721,3866,4798
2026-06-25 10:50,4463,3701,5214
2026-06-25 10:55,4462,3570,5368
2026-06-25 11:00,4383,3871,4929
2026-06-25 11:05,4854,4071,5535
2026-06-25 11:10,4869,3840,4919
2026-06-25 11:15,4900,3633,5518
2026-06-25 11:20,4942,4119,5024
2026-06-25 11:25,4710,4200,5336
2026-06-25 11:30,4880,4201,5682
2026-06-25 11:35,5034,3951,5478
2026-06-25 11:40,4882,3915,5257
2026-06-25 11:45,4894,4019,5572
2026-06-25 11:50,4681,3976,5540
2026-06-25 11:55,4838,3850,5513
2026-06-25 12:00,4824,3807,5706
2026-06-25 12:05,5286,4206,5253
2026-06-25 12:10,4748,4256,5766
2026-06-25 12:15,4931,3972,5407
2026-06-25 12:20,5108,4389,5900
2026-06-25 12:25,4915,4179,5695
2026-06-25 12:30,5255,3944,5806
2026-06-25 12:35,4993,4468,5781
2026-06-25 12:40,5031,4256,6160
2026-06-25 12:45,5510,4550,5745
2026-06-25 12:50,5345,4360,6237
2026-06-25 12:55,5174,4346,5606
2026-06-25 13:00,5175,4498,5966
2026-06-25 13:05,5602,4232,5668
2026-06-25 13:10,5395,4587,6109
2026-06-25 13:15,5121,4722,5784
2026-06-25 13:20,5847,4646,6091
2026-06-25 13:25,5872,4344,6561
2026-06-25 13:30,5182,4255,5994
2026-06-25 13:35,5662,4377,5862
2026-06-25 13:40,5391,4524,5923
2026-06-25 13:45,5551,4501,6307
2026-06-25 13:50,5891,4412,6387
2026-06-25 13:55,5639,4950,6358
2026-06-25 14:00,6119,4572,6489
2026-06-25 14:05,5809,4549,6733
2026-06-25 14:10,5560,4535,6447
2026-06-25 14:15,5646,4964,6824
2026-06-25 14:20,5792,5008,7034
2026-06-25 14:25,6162,4866,6723
2026-06-25 14:30,5816,4675,7125
2026-06-25 14:35,6320,4794,6362
2026-06-25 14:40,6377,5183,6558
2026-06-25 14:45,5885,5259,7342
2026-06-25 14:50,6228,5048,6734
2026-06-25 14:55,6216,5303,6974
2026-06-25 15:00,6110,5438,6569
2026-06-25 15:05,6438,5536,6910
2026-06-25 15:10,6307,5351,6826
2026-06-25 15:15,6802,5061,6821
2026-06-25 15:20,6298,5571,7393
2026-06-25 15:25,6736,5706,7081
2026-06-25 15:30,6527,5547,7865
2026-06-25 15:35,6182,5471,6918
2026-06-25 15:40,6810,5274,7412
2026-06-25 15:45,6575,5545,7731
2026-06-25 15:50,6752,5647,7512
2026-06-25 15:55,7011,5579,7165
2026-06-25 16:00,6524,5486,7836
2026-06-25 16:05,7250,5390,7406
2026-06-25 16:10,6722,5476,7681
2026-06-25 16:15,6642,5946,7843
2026-06-25 16:20,6686,5947,7376
2026-06-25 16:25,7421,5839,8030
2026-06-25 16:30,7076,5528,8004
2026-06-25 16:35,7663,6078,7576
2026-06-25 16:40,7708,6141,8664
2026-06-25 16:45,6932,6240,8200
2026-06-25 16:50,7916,5866,7775
2026-06-25 16:55,7103,6341,8391
2026-06-25 17:00,7806,6190,8767
2026-06-25 17:05,7317,6584,8238
2026-06-25 17:10,7444,5893,8385
2026-06-25 17:15,7939,6575,8387
2026-06-25 17:20,7674,6802,8634
2026-06-25 17:25,7490,6222,8164
2026-06-25 17:30,7702,6667,8411
2026-06-25 17:35,7377,6679,8642
2026-06-25 17:40,7641,6723,8992
2026-06-25 17:45,7777,6723,8763
2026-06-25 17:50,7987,6482,8689
2026-06-25 17:55,7634,6240,8646
2026-06-25 18:00,7696,6329,8911
2026-06-25 18:05,7727,6671,9199
2026-06-25 18:10,7840,7314,8843
2026-06-25 18:15,8729,7060,9056
2026-06-25 18:20,7860,6467,9283
2026-06-25 18:25,8278,7353,10072
2026-06-25 18:30,8050,6799,9209
2026-06-25 18:35,8703,7410,10160
2026-06-25 18:40,8629,7245,9936
2026-06-25 18:45,8255,7355,9186
2026-06-25 18:50,8490,7530,9732
2026-06-25 18:55,9342,7661,9340
2026-06-25 19:00,8323,7339,10577
2026-06-25 19:05,8817,7724,10655
2026-06-25 19:10,9543,7164,9864
2026-06-25 19:15,9429,7962,10727
2026-06-25 19:20,9715,7331,10212
2026-06-25 19:25,8920,7620,9957
2026-06-25 19:30,9214,7973,10076
2026-06-25 19:35,9011,7199,10011
2026-06-25 19:40,9766,7870,10812
2026-06-25 19:45,9680,8328,11217
2026-06-25 19:50,9233,8172,10807
2026-06-25 19:55,9617,8411,10623
2026-06-25 20:00,10146,7492,10146
2026-06-25 20:05,9591,7815,10902
2026-06-25 20:10,10251,8606,11215
2026-06-25 20:15,9777,7957,11519
2026-06-25 20:20,9352,7910,10843
2026-06-25 20:25,9756,8143,11674
2026-06-25 20:30,10102,8784,10837
2026-06-25 20:35,10850,8287,12146
2026-06-25 20:40,10043,8236,11486
2026-06-25 20:45,10166,8706,11432
2026-06-25 20:50,9980,8261,10974
2026-06-25 20:55,10856,9073,11986
2026-06-25 21:00,10376,8667,11462
2026-06-25 21:05,10436,8208,12167
2026-06-25 21:10,10170,8638,11834
2026-06-25 21:15,10602,8764,11614
2026-06-25 21:20,10456,8649,11383
2026-06-25 21:25,10154,8601,11804
2026-06-25 21:30,9421,8553,10965
2026-06-25 21:35,9824,8150,11039
2026-06-25 21:40,9765,8663,10694
2026-06-25 21:45,9224,7603,11666
2026-06-25 21:50,10293,8488,10845
2026-06-25 21:55,10459,8300,11115
2026-06-25 22:00,9159,7955,11202
2026-06-25 22:05,9499,7756,10909
2026-06-25 22:10,9503,7831,10893
2026-06-25 22:15,8998,7744,10121
2026-06-25 22:20,8880,7420,11154
2026-06-25 22:25,9444,7663,11022
2026-06-25 22:30,9212,8141,10602
2026-06-25 22:35,9284,7879,9777
2026-06-25 22:40,8785,7766,10818
2026-06-25 22:45,9643,7436,9517
2026-06-25 22:50,9594,7311,10544
2026-06-25 22:55,8438,7285,10055
2026-06-25 23:00,8945,6914,9846
2026-06-25 23:05,8717,7653,9886
2026-06-25 23:10,8477,7249,10380
2026-06-25 23:15,8623,7699,10051
2026-06-25 23:20,8693,6693,10144
2026-06-25 23:25,8447,6960,9553
2026-06-25 23:30,8401,6819,9982
2026-06-25 23:35,8163,7446,8986
2026-06-25 23:40,8784,7018,9618
2026-06-25 23:45,8891,6907,9733
2026-06-25 23:50,7820,6902,9730
2026-06-25 23:55,8603,6904,9717
2026-06-26 00:00,4391,3737,5025
2026-06-26 00:05,4241,3433,4990
2026-06-26 00:10,4296,3555,4771
2026-06-26 00:15,4161,3676,5289
2026-06-26 00:20,4559,3759,4954
2026-06-26 00:25,4429,3632,4963
2026-06-26 00:30,4484,3566,5068
2026-06-26 00:35,4608,3735,4922
2026-06-26 00:40,4299,3518,4899
2026-06-26 00:45,4236,3475,4977
2026-06-26 00:50,4475,3762,4781
2026-06-26 00:55,4432,3801,5127
2026-06-26 01:00,4727,3626,4604
2026-06-26 01:05,4161,3433,5060
2026-06-26 01:10,4629,3888,5149
2026-06-26 01:15,4236,3757,5021
2026-06-26 01:20,4180,3825,4693
2026-06-26 01:25,4407,3759,4910
2026-06-26 01:30,4496,3469,5117
2026-06-26 01:35,4637,3436,5231
2026-06-26 01:40,4441,3894,4793
2026-06-26 01:45,4306,3485,4786
2026-06-26 01:50,4325,3454,5114
2026-06-26 01:55,4607,3583,5188
2026-06-26 02:00,4474,3859,4707
2026-06-26 02:05,4522,3658,5132
2026-06-26 02:10,4518,3452,4876
2026-06-26 02:15,4460,3659,4814
2026-06-26 02:20,4568,3552,5268
2026-06-26 02:25,4301,3468,4821
2026-06-26 02:30,4628,3670,4608
2026-06-26 02:35,4263,3453,5201
2026-06-26 02:40,4326,3696,5268
2026-06-26 02:45,4590,3683,5138
2026-06-26 02:50,4240,3616,5232
2026-06-26 02:55,4229,3542,5066
2026-06-26 03:00,4151,3784,4720
2026-06-26 03:05,4590,3729,5015
2026-06-26 03:10,4396,3630,4801
2026-06-26 03:15,4702,3647,5282
2026-06-26 03:20,4559,3771,5172
2026-06-26 03:25,4121,3412,5233
2026-06-26 03:30,4338,3693,4660
2026-06-26 03:35,4337,3554,5191
2026-06-26 03:40,4185,3675,4837
2026-06-26 03:45,4359,3570,4714
2026-06-26 03:50,4395,3580,4833
2026-06-26 03:55,4539,3608,4907
2026-06-26 04:00,4317,3512,4870
2026-06-26 04:05,4134,3720,4823
2026-06-26 04:10,4531,3845,4710
2026-06-26 04:15,4637,3417,5144
2026-06-26 04:20,4522,3654,4830
2026-06-26 04:25,4118,3898,5115
2026-06-26 04:30,4463,3883,4723
2026-06-26 04:35,4425,3570,4957
2026-06-26 04:40,4662,3584,5276
2026-06-26 04:45,4597,3407,4760
2026-06-26 04:50,4211,3838,5259
2026-06-26 04:55,4565,3609,5012
2026-06-26 05:00,4133,3778,4856
2026-06-26 05:05,4345,3893,4845
2026-06-26 05:10,4605,3616,4920
2026-06-26 05:15,4630,3620,4631
2026-06-26 05:20,4235,3617,5269
2026-06-26 05:25,4671,3730,4952
2026-06-26 05:30,4124,3459,4643
2026-06-26 05:35,4702,3496,4802
2026-06-26 05:40,4424,3791,4787
2026-06-26 05:45,4321,3647,5066
2026-06-26 05:50,4290,3536,4759
2026-06-26 05:55,4282,3691,5002
2026-06-26 06:00,4637,3486,4629
2026-06-26 06:05,4312,3785,5038
2026-06-26 06:10,4727,3587,4630
2026-06-26 06:15,4474,3525,4946
2026-06-26 06:20,4546,3778,5030
2026-06-26 06:25,4425,3429,4641
2026-06-26 06:30,4713,3690,5029
2026-06-26 06:35,4406,3850,4648
2026-06-26 06:40,4214,3555,4816
2026-06-26 06:45,4485,3492,5132
2026-06-26 06:50,4596,3623,5030
2026-06-26 06:55,4485,3629,5077
2026-06-26 07:00,4636,3578,5057
2026-06-26 07:05,4130,3863,4839
2026-06-26 07:10,4545,3657,4798
2026-06-26 07:15,4263,3564,5129
2026-06-26 07:20,4472,3865,4656
2026-06-26 07:25,4252,3591,4803
2026-06-26 07:30,4146,3798,5217
2026-06-26 07:35,4140,3727,5044
2026-06-26 07:40,4517,3853,4964
2026-06-26 07:45,4600,3556,4809
2026-06-26 07:50,4670,3465,5134
2026-06-26 07:55,4212,3773,4621
2026-06-26 08:00,4462,3405,4677
2026-06-26 08:05,4384,3819,5279
2026-06-26 08:10,4650,3478,4944
2026-06-26 08:15,4649,3728,5026
2026-06-26 08:20,4399,3638,4987
2026-06-26 08:25,4433,3856,5158
2026-06-26 08:30,4240,3417,5292
2026-06-26 08:35,4477,3739,4722
2026-06-26 08:40,4491,3493,5286
2026-06-26 08:45,4306,3525,4995
2026-06-26 08:50,4736,3741,4828
2026-06-26 08:55,4516,3517,5007
2026-06-26 09:00,4465,3575,5130
2026-06-26 09:05,4428,3769,5145
2026-06-26 09:10,4727,3669,4607
2026-06-26 09:15,4328,3793,4792
2026-06-26 09:20,4188,3790,4672
2026-06-26 09:25,4499,3595,5184
2026-06-26 09:30,4257,3447,5072
2026-06-26 09:35,4466,3828,4885
2026-06-26 09:40,4524,3566,5216
2026-06-26 09:45,4727,3752,5199
2026-06-26 09:50,4163,3738,5067
2026-06-26 09:55,4450,3503,5117
2026-06-26 10:00,4747,3893,4980
2026-06-26 10:05,4597,3437,5348
2026-06-26 10:10,4627,3952,4748
2026-06-26 10:15,4644,3552,5346
2026-06-26 10:20,4404,3507,5321
2026-06-26 10:25,4827,3627,4918
2026-06-26 10:30,4287,3914,5008
2026-06-26 10:35,4492,3696,5320
2026-06-26 10:40,4378,3716,5429
2026-06-26 10:45,4805,3792,5336
2026-06-26 10:50,4335,4059,5328
2026-06-26 10:55,4664,3813,5548
2026-06-26 11:00,4958,3974,5570
2026-06-26 11:05,4894,4119,5483
2026-06-26 11:10,4964,3866,5073
2026-06-26 11:15,4698,3948,5227
2026-06-26 11:20,4694,3752,5088
2026-06-26 11:25,4941,3677,5634
2026-06-26 11:30,5018,3972,5019
2026-06-26 11:35,5004,4206,5245
2026-06-26 11:40,4982,3989,5097
2026-06-26 11:45,4943,4002,5334
2026-06-26 11:50,4711,4163,5311
2026-06-26 11:55,5066,4343,5390
2026-06-26 12:00,5079,4127,5753
2026-06-26 12:05,5315,4266,5758
2026-06-26 12:10,4787,3959,5284
2026-06-26 12:15,5358,4099,5676
2026-06-26 12:20,4874,4420,5672
2026-06-26 12:25,5072,4437,5604
2026-06-26 12:30,4883,4395,5912
2026-06-26 12:35,5037,4348,5988
2026-06-26 12:40,5411,4424,6014
2026-06-26 12:45,5461,4318,6132
2026-06-26 12:50,5050,4400,5953
2026-06-26 12:55,5594,4350,5834
2026-06-26 13:00,5051,4356,6052
2026-06-26 13:05,5204,4593,6263
2026-06-26 13:10,5065,4237,6237
2026-06-26 13:15,5619,4405,6404
2026-06-26 13:20,5750,4618,5876
2026-06-26 13:25,5496,4747,5929
2026-06-26 13:30,5546,4396,6385
2026-06-26 13:35,5777,4430,5864
2026-06-26 13:40,5466,4501,6568
2026-06-26 13:45,5352,4928,6778
2026-06-26 13:50,5550,4647,6539
2026-06-26 13:55,5872,4731,6872
2026-06-26 14:00,5635,4909,6241
2026-06-26 14:05,6237,4585,6579
2026-06-26 14:10,5668,4811,6848
2026-06-26 14:15,5560,5161,6338
2026-06-26 14:20,6251,5131,6646
2026-06-26 14:25,6282,5246,6443
2026-06-26 14:30,6082,4876,7171
2026-06-26 14:35,5869,4831,6798
2026-06-26 14:40,6478,5202,6600
2026-06-26 14:45,6307,4977,6581
2026-06-26 14:50,6298,5316,6559
2026-06-26 14:55,6429,4811,6841
2026-06-26 15:00,6580,5260,7458
2026-06-26 15:05,6015,4895,6611
2026-06-26 15:10,6239,5213,6896
2026-06-26 15:15,6286,5073,6930
2026-06-26 15:20,6630,5123,6957
2026-06-26 15:25,6459,5170,7097
2026-06-26 15:30,6203,5110,6934
2026-06-26 15:35,6967,5143,7162
2026-06-26 15:40,6447,5589,7939
2026-06-26 15:45,7189,5265,7079
2026-06-26 15:50,6582,5446,7767
2026-06-26 15:55,6967,5979,7195
2026-06-26 16:00,6755,5500,8025
2026-06-26 16:05,6916,5611,8248
2026-06-26 16:10,7024,5683,7288
2026-06-26 16:15,7417,6186,7880
2026-06-26 16:20,6827,6004,7968
2026-06-26 16:25,7260,6167,7460
2026-06-26 16:30,6896,6268,8091
2026-06-26 16:35,7496,6158,8262
2026-06-26 16:40,7522,5895,8530
2026-06-26 16:45,6956,6049,8436
2026-06-26 16:50,7565,6023,8706
2026-06-26 16:55,7658,5992,8690
2026-06-26 17:00,7776,6342,8094
2026-06-26 17:05,7362,6250,8370
2026-06-26 17:10,7757,5914,8582
2026-06-26 17:15,7993,6458,8219
2026-06-26 17:20,7557,6523,8958
2026-06-26 17:25,7544,6460,9148
2026-06-26 17:30,8100,6803,9098
2026-06-26 17:35,7544,6470,8293
2026-06-26 17:40,7894,6514,8648
2026-06-26 17:45,8391,6275,9221
2026-06-26 17:50,8262,6468,8551
2026-06-26 17:55,8448,6717,8691
2026-06-26 18:00,7694,6851,8554
2026-06-26 18:05,8485,7023,9621
2026-06-26 18:10,8037,6441,8826
2026-06-26 18:15,8917,7108,9857
2026-06-26 18:20,8122,6531,8784
2026-06-26 18:25,8463,6611,9655
2026-06-26 18:30,8268,6663,9927
2026-06-26 18:35,9163,7298,9232
2026-06-26 18:40,8344,7290,10252
2026-06-26 18:45,8993,7399,10004
2026-06-26 18:50,8641,7071,9292
2026-06-26 18:55,8658,6986,10098
2026-06-26 19:00,9242,7382,10524
2026-06-26 19:05,8407,6977,9953
2026-06-26 19:10,9127,7362,10364
2026-06-26 19:15,8740,7922,10158
2026-06-26 19:20,8756,7894,10696
2026-06-26 19:25,8623,7426,10273
2026-06-26 19:30,8854,8181,10566
2026-06-26 19:35,8786,7719,11101
2026-06-26 19:40,9924,8098,10427
2026-06-26 19:45,9252,8312,10999
2026-06-26 19:50,9801,7374,10019
2026-06-26 19:55,10080,8222,10416
2026-06-26 20:00,9485,7463,11428
2026-06-26 20:05,9358,7839,11460
2026-06-26 20:10,9709,8033,10686
2026-06-26 20:15,9472,7896,10334
2026-06-26 20:20,9799,8027,11376
2026-06-26 20:25,10033,8825,10468
2026-06-26 20:30,9423,7797,11709
2026-06-26 20:35,9713,8555,11376
2026-06-26 20:40,10308,7916,11565
2026-06-26 20:45,10965,8894,10736
2026-06-26 20:50,10217,8235,11062
2026-06-26 20:55,10756,8974,11857
2026-06-26 21:00,10871,9159,11661
2026-06-26 21:05,9872,8367,11334
2026-06-26 21:10,10999,9073,11849
2026-06-26 21:15,10575,8054,10812
2026-06-26 21:20,9996,8002,12171
2026-06-26 21:25,9817,8046,12115
2026-06-26 21:30,10104,8142,11852
2026-06-26 21:35,9483,8482,10756
2026-06-26 21:40,9465,7770,10559
2026-06-26 21:45,9597,7979,10838
2026-06-26 21:50,10253,7868,11335
2026-06-26 21:55,9501,7724,10305
2026-06-26 22:00,9368,7987,10167
2026-06-26 22:05,10133,8068,10540
2026-06-26 22:10,10016,7459,10414
2026-06-26 22:15,9728,7943,9913
2026-06-26 22:20,9684,7912,9980
2026-06-26 22:25,9599,7421,9945
2026-06-26 22:30,9956,7722,9957
2026-06-26 22:35,9896,7296,10321
2026-06-26 22:40,8778,8076,10923
2026-06-26 22:45,9744,7366,10588
2026-06-26 22:50,9209,7336,9909
2026-06-26 22:55,9138,7259,9801
2026-06-26 23:00,9548,6875,10060
2026-06-26 23:05,8574,7247,10486
2026-06-26 23:10,8315,7293,9825
2026-06-26 23:15,9007,7643,10453
2026-06-26 23:20,9054,7163,9411
2026-06-26 23:25,8492,7304,9481
2026-06-26 23:30,8707,7372,9347
2026-06-26 23:35,8597,7180,9303
2026-06-26 23:40,8593,7184,8954
2026-06-26 23:45,8802,7196,8965
2026-06-26 23:50,8352,6953,9045
2026-06-26 23:55,8682,7118,9539
2026-06-27 00:00,4946,4348,5784
2026-06-27 00:05,5273,4062,5871
2026-06-27 00:10,5251,4206,5608
2026-06-27 00:15,4789,4239,5713
2026-06-27 00:20,4761,3973,5795
2026-06-27 00:25,4740,4172,5783
2026-06-27 00:30,5122,4295,5366
2026-06-27 00:35,4720,3968,5830
2026-06-27 00:40,5190,4215,5437
2026-06-27 00:45,4956,3950,5335
2026-06-27 00:50,4632,3888,5674
2026-06-27 00:55,5159,4041,5330
2026-06-27 01:00,4727,4052,5292
2026-06-27 01:05,5257,3969,5464
2026-06-27 01:10,4863,4251,5256
2026-06-27 01:15,4925,4169,5792
2026-06-27 01:20,5295,4190,5781
2026-06-27 01:25,4819,4198,5788
2026-06-27 01:30,4624,4282,5673
2026-06-27 01:35,4757,3987,5700
2026-06-27 01:40,4777,4285,5691
2026-06-27 01:45,4694,4290,5872
2026-06-27 01:50,5055,3937,5294
2026-06-27 01:55,5200,4120,5435
2026-06-27 02:00,5266,4192,5473
2026-06-27 02:05,5180,3853,5842
2026-06-27 02:10,5048,3934,5740
2026-06-27 02:15,4964,3806,5404
2026-06-27 02:20,4622,3822,5346
2026-06-27 02:25,4791,4185,5333
2026-06-27 02:30,5211,3844,5478
2026-06-27 02:35,5295,4098,5899
2026-06-27 02:40,4701,4264,5386
2026-06-27 02:45,4797,4349,5632
2026-06-27 02:50,4868,4241,5437
2026-06-27 02:55,5140,4064,5424
2026-06-27 03:00,4617,4050,5239
2026-06-27 03:05,5243,4204,5845
2026-06-27 03:10,4656,4018,5376
2026-06-27 03:15,5048,4008,5504
2026-06-27 03:20,5095,4136,5314
2026-06-27 03:25,4800,4210,5688
2026-06-27 03:30,5286,4280,5252
2026-06-27 03:35,5174,3808,5421
2026-06-27 03:40,5255,4069,5854
2026-06-27 03:45,5080,4102,5206
2026-06-27 03:50,5112,4180,5871
2026-06-27 03:55,4800,3904,5611
2026-06-27 04:00,4654,3874,5520
2026-06-27 04:05,5027,3996,5473
2026-06-27 04:10,5179,3808,5706
2026-06-27 04:15,5057,3956,5928
2026-06-27 04:20,4773,3928,5696
2026-06-27 04:25,5018,4139,5740
2026-06-27 04:30,4835,4071,5324
2026-06-27 04:35,4844,4245,5450
2026-06-27 04:40,4618,3985,5693
2026-06-27 04:45,5261,3908,5918
2026-06-27 04:50,5254,3826,5375
2026-06-27 04:55,5231,4298,5606
2026-06-27 05:00,5036,4344,5295
2026-06-27 05:05,4735,4017,5470
2026-06-27 05:10,5135,3824,5642
2026-06-27 05:15,4939,4274,5548
2026-06-27 05:20,5165,4009,5340
2026-06-27 05:25,5089,3802,5502
2026-06-27 05:30,5120,4015,5574
2026-06-27 05:35,4928,4093,5433
2026-06-27 05:40,4729,3959,5557
2026-06-27 05:45,4712,3852,5590
2026-06-27 05:50,4851,4309,5881
2026-06-27 05:55,5037,4369,5422
2026-06-27 06:00,4802,3949,5654
2026-06-27 06:05,5052,3922,5362
2026-06-27 06:10,4681,3948,5854
2026-06-27 06:15,5046,3900,5713
2026-06-27 06:20,5196,4369,5406
2026-06-27 06:25,4998,4242,5577
2026-06-27 06:30,4750,4100,5617
2026-06-27 06:35,4741,4042,5576
2026-06-27 06:40,4725,3846,5556
2026-06-27 06:45,4858,4078,5459
2026-06-27 06:50,4645,3938,5714
2026-06-27 06:55,5000,3917,5419
2026-06-27 07:00,4728,4051,5797
2026-06-27 07:05,5255,3844,5259
2026-06-27 07:10,5030,4078,5908
2026-06-27 07:15,4658,4194,5745
2026-06-27 07:20,4750,4242,5913
2026-06-27 07:25,4802,4025,5184
2026-06-27 07:30,5009,4324,5333
2026-06-27 07:35,4668,4044,5766
2026-06-27 07:40,5058,4347,5414
2026-06-27 07:45,5180,3864,5719
2026-06-27 07:50,5244,3969,5704
2026-06-27 07:55,4674,3877,5588
2026-06-27 08:00,4887,3957,5772
2026-06-27 08:05,4860,4056,5270
2026-06-27 08:10,5123,4107,5906
2026-06-27 08:15,5008,4068,5569
2026-06-27 08:20,4823,3834,5307
2026-06-27 08:25,5217,4167,5728
2026-06-27 08:30,4650,3913,5509
2026-06-27 08:35,4657,4001,5314
2026-06-27 08:40,4941,4067,5601
2026-06-27 08:45,4881,4101,5189
2026-06-27 08:50,4803,4264,5292
2026-06-27 08:55,5002,4260,5384
2026-06-27 09:00,4798,4220,5650
2026-06-27 09:05,4827,4331,5631
2026-06-27 09:10,4683,4021,5238
2026-06-27 09:15,5025,3818,5652
2026-06-27 09:20,5061,3954,5156
2026-06-27 09:25,4743,3872,5801
2026-06-27 09:30,5232,4200,5405
2026-06-27 09:35,5053,4040,5769
2026-06-27 09:40,5079,4025,5908
2026-06-27 09:45,5108,4277,5193
2026-06-27 09:50,5020,3874,5920
2026-06-27 09:55,5038,4251,5627
2026-06-27 10:00,5286,4061,5542
2026-06-27 10:05,5204,3955,5515
2026-06-27 10:10,4810,4117,5847
2026-06-27 10:15,5092,3976,5720
2026-06-27 10:20,5350,4357,5618
2026-06-27 10:25,4973,4194,5995
2026-06-27 10:30,4969,4074,5817
2026-06-27 10:35,4962,3926,5499
2026-06-27 10:40,5009,4463,6010
2026-06-27 10:45,5461,4157,5960
2026-06-27 10:50,4991,4139,5691
2026-06-27 10:55,5499,4305,5843
2026-06-27 11:00,4899,4500,5769
2026-06-27 11:05,5170,4556,5948
2026-06-27 11:10,5522,4350,5917
2026-06-27 11:15,5337,4075,5704
2026-06-27 11:20,5459,4246,6110
2026-06-27 11:25,5207,4551,5633
2026-06-27 11:30,5588,4453,5921
2026-06-27 11:35,5746,4439,5948
2026-06-27 11:40,5172,4756,6475
2026-06-27 11:45,5348,4625,6040
2026-06-27 11:50,5847,4755,6438
2026-06-27 11:55,5561,4574,6521
2026-06-27 12:00,5938,4479,5889
2026-06-27 12:05,5353,4666,6212
2026-06-27 12:10,5384,4396,5890
2026-06-27 12:15,5832,4970,6503
2026-06-27 12:20,5542,4646,6102
2026-06-27 12:25,5564,4572,6158
2026-06-27 12:30,5603,4564,6208
2026-06-27 12:35,5996,5026,6066
2026-06-27 12:40,5648,5094,6382
2026-06-27 12:45,6088,4936,6850
2026-06-27 12:50,6046,4872,6204
2026-06-27 12:55,5620,4937,6734
2026-06-27 13:00,5850,5016,6711
2026-06-27 13:05,6061,5244,7182
2026-06-27 13:10,5883,4996,6767
2026-06-27 13:15,6364,5082,7274
2026-06-27 13:20,6336,5042,7160
2026-06-27 13:25,6313,5018,7129
2026-06-27 13:30,6325,4785,7099
2026-06-27 13:35,6233,5243,7051
2026-06-27 13:40,5996,5398,6863
2026-06-27 13:45,6645,5391,7216
2026-06-27 13:50,6115,5624,7004
2026-06-27 13:55,6500,5579,7365
2026-06-27 14:00,6542,5042,7061
2026-06-27 14:05,6852,5567,7265
2026-06-27 14:10,6844,5525,6966
2026-06-27 14:15,7051,5492,7806
2026-06-27 14:20,6767,5189,7691
2026-06-27 14:25,6495,5695,7897
2026-06-27 14:30,7009,5490,7871
2026-06-27 14:35,6662,5338,7340
2026-06-27 14:40,6897,5502,7876
2026-06-27 14:45,6562,5928,7219
2026-06-27 14:50,7067,5396,8263
2026-06-27 14:55,7102,5511,7370
2026-06-27 15:00,6936,5995,7506
2026-06-27 15:05,6916,5618,8232
2026-06-27 15:10,7090,5659,8299
2026-06-27 15:15,7584,6092,8613
2026-06-27 15:20,6852,6040,8461
2026-06-27 15:25,7737,6089,7726
2026-06-27 15:30,7534,6186,8142
2026-06-27 15:35,7314,6439,8355
2026-06-27 15:40,7440,5808,8171
2026-06-27 15:45,7458,6444,8817
2026-06-27 15:50,7470,5904,7979
2026-06-27 15:55,7772,6632,8186
2026-06-27 16:00,7897,6472,8280
2026-06-27 16:05,7933,6325,8111
2026-06-27 16:10,7273,6687,9173
2026-06-27 16:15,7553,6256,9201
2026-06-27 16:20,7911,6189,9085
2026-06-27 16:25,7716,6286,8884
2026-06-27 16:30,8244,6706,8555
2026-06-27 16:35,8612,6532,9186
2026-06-27 16:40,7897,7169,9239
2026-06-27 16:45,8589,6479,9638
2026-06-27 16:50,7936,6372,8812
2026-06-27 16:55,8259,6761,9818
2026-06-27 17:00,8748,6671,9873
2026-06-27 17:05,8625,6747,9933
2026-06-27 17:10,8930,7029,9457
2026-06-27 17:15,9115,6652,9461
2026-06-27 17:20,8570,7562,10219
2026-06-27 17:25,8750,7392,9712
2026-06-27 17:30,8235,7013,10051
2026-06-27 17:35,9117,7437,10174
2026-06-27 17:40,8632,7820,9540
2026-06-27 17:45,9221,7912,10299
2026-06-27 17:50,9249,7268,10256
2026-06-27 17:55,8705,7154,9930
2026-06-27 18:00,9566,7216,9903
2026-06-27 18:05,9424,8055,10507
2026-06-27 18:10,9288,7762,11095
2026-06-27 18:15,9803,8247,9911
2026-06-27 18:20,9801,7554,10572
2026-06-27 18:25,9459,8066,11180
2026-06-27 18:30,9755,7562,11030
2026-06-27 18:35,10088,7570,10990
2026-06-27 18:40,9934,8547,10357
2026-06-27 18:45,9960,7612,10811
2026-06-27 18:50,10069,7700,10600
2026-06-27 18:55,10473,8038,10475
2026-06-27 19:00,9584,8043,10852
2026-06-27 19:05,10419,8133,10503
2026-06-27 19:10,9496,8638,10689
2026-06-27 19:15,10774,7951,11259
2026-06-27 19:20,10186,9037,11005
2026-06-27 19:25,9897,9097,12353
2026-06-27 19:30,10963,8994,11145
2026-06-27 19:35,10204,8960,11404
2026-06-27 19:40,11309,8907,11368
2026-06-27 19:45,9956,8741,11228
2026-06-27 19:50,11397,8718,11970
2026-06-27 19:55,11113,8491,12083
2026-06-27 20:00,10326,9220,12382
2026-06-27 20:05,10916,9429,12804
2026-06-27 20:10,10526,8734,12409
2026-06-27 20:15,10558,9381,11825
2026-06-27 20:20,10474,9273,12734
2026-06-27 20:25,10838,9656,12119
2026-06-27 20:30,11032,9465,12421
2026-06-27 20:35,11578,9824,12068
2026-06-27 20:40,11700,9796,12445
2026-06-27 20:45,10876,9827,13362
2026-06-27 20:50,10934,9317,12956
2026-06-27 20:55,12221,9584,13567
2026-06-27 21:00,11396,9529,13869
2026-06-27 21:05,12274,9970,13460
2026-06-27 21:10,11297,9113,13711
2026-06-27 21:15,11320,10094,13646
2026-06-27 21:20,10764,9469,12281
2026-06-27 21:25,10797,8911,12780
2026-06-27 21:30,11604,9024,12232
2026-06-27 21:35,10966,8871,11942
2026-06-27 21:40,10725,9457,13270
2026-06-27 21:45,10676,9642,11866
2026-06-27 21:50,10308,8711,12186
2026-06-27 21:55,10646,8966,12847
2026-06-27 22:00,10367,8400,11445
2026-06-27 22:05,11505,9260,12129
2026-06-27 22:10,10306,8678,11662
2026-06-27 22:15,10108,9245,11773
2026-06-27 22:20,9970,8540,11204
2026-06-27 22:25,10303,9176,11965
2026-06-27 22:30,11016,8379,11854
2026-06-27 22:35,10692,8941,11263
2026-06-27 22:40,9783,8265,11722
2026-06-27 22:45,9774,7964,10744
2026-06-27 22:50,10375,8662,11104
2026-06-27 22:55,9693,7786,11989
2026-06-27 23:00,9662,8039,11798
2026-06-27 23:05,9637,8585,11134
2026-06-27 23:10,10121,8071,10360
2026-06-27 23:15,9438,8324,10334
2026-06-27 23:20,9688,7925,11583
2026-06-27 23:25,9500,7964,11160
2026-06-27 23:30,9120,7472,10026
2026-06-27 23:35,9451,8273,11211
2026-06-27 23:40,9731,7935,11125
2026-06-27 23:45,9307,7525,10467
2026-06-27 23:50,9784,7152,10076
2026-06-27 23:55,9852,7654,9834
2026-06-28 00:00,5224,4305,5855
2026-06-28 00:05,4770,3906,5691
2026-06-28 00:10,4843,4161,5672
2026-06-28 00:15,5173,4364,5579
2026-06-28 00:20,5103,4069,5550
2026-06-28 00:25,4884,3848,5270
2026-06-28 00:30,5199,4131,5743
2026-06-28 00:35,4948,3967,5669
2026-06-28 00:40,5170,3814,5683
2026-06-28 00:45,5197,4081,5669
2026-06-28 00:50,4786,4275,5283
2026-06-28 00:55,4774,4001,5377
2026-06-28 01:00,4840,4127,5377
2026-06-28 01:05,5217,3829,5926
2026-06-28 01:10,4919,3854,5614
2026-06-28 01:15,5009,4362,5419
2026-06-28 01:20,5183,4143,5802
2026-06-28 01:25,4862,4053,5472
2026-06-28 01:30,4872,3801,5291
2026-06-28 01:35,4632,4109,5194
2026-06-28 01:40,4777,4113,5461
2026-06-28 01:45,5211,3980,5408
2026-06-28 01:50,5012,4023,5727
2026-06-28 01:55,4702,4041,5917
2026-06-28 02:00,4876,4337,5517
2026-06-28 02:05,4673,3818,5201
2026-06-28 02:10,5074,4156,5768
2026-06-28 02:15,5066,4095,5645
2026-06-28 02:20,4927,4087,5373
2026-06-28 02:25,5135,4200,5620
2026-06-28 02:30,4611,4364,5661
2026-06-28 02:35,5080,3932,5235
2026-06-28 02:40,5275,3828,5651
2026-06-28 02:45,5094,4262,5612
2026-06-28 02:50,4995,4046,5313
2026-06-28 02:55,4627,3948,5202
2026-06-28 03:00,4676,4027,5274
2026-06-28 03:05,4895,4097,5777
2026-06-28 03:10,5105,4008,5869
2026-06-28 03:15,4833,4304,5623
2026-06-28 03:20,5078,4238,5756
2026-06-28 03:25,4976,3922,5699
2026-06-28 03:30,4865,3966,5499
2026-06-28 03:35,4761,3845,5741
2026-06-28 03:40,4947,3924,5640
2026-06-28 03:45,4845,4030,5277
2026-06-28 03:50,4705,4294,5626
2026-06-28 03:55,5168,4203,5334
2026-06-28 04:00,4922,3989,5762
2026-06-28 04:05,4761,3950,5183
2026-06-28 04:10,4620,3821,5909
2026-06-28 04:15,5056,4081,5460
2026-06-28 04:20,4637,4272,5848
2026-06-28 04:25,4802,3851,5226
2026-06-28 04:30,4650,3948,5296
2026-06-28 04:35,5119,3927,5841
2026-06-28 04:40,4924,4171,5539
2026-06-28 04:45,5118,4356,5371
2026-06-28 04:50,5255,4192,5569
2026-06-28 04:55,4814,4160,5207
2026-06-28 05:00,4920,4164,5464
2026-06-28 05:05,4972,3967,5197
2026-06-28 05:10,4769,4334,5421
2026-06-28 05:15,4935,4108,5192
2026-06-28 05:20,4929,4045,5154
2026-06-28 05:25,4648,4075,5449
2026-06-28 05:30,5220,4268,5167
2026-06-28 05:35,5290,4319,5331
2026-06-28 05:40,4630,4190,5572
2026-06-28 05:45,5225,4018,5523
2026-06-28 05:50,5040,4346,5797
2026-06-28 05:55,4952,4242,5833
2026-06-28 06:00,5120,4310,5479
2026-06-28 06:05,5013,4027,5361
2026-06-28 06:10,4626,4063,5486
2026-06-28 06:15,5280,4001,5442
2026-06-28 06:20,5126,3991,5416
2026-06-28 06:25,5102,4002,5413
2026-06-28 06:30,5003,3826,5249
2026-06-28 06:35,5113,3883,5612
2026-06-28 06:40,4853,4211,5893
2026-06-28 06:45,5082,4071,5737
2026-06-28 06:50,5231,3944,5567
2026-06-28 06:55,5080,3839,5456
2026-06-28 07:00,5242,3919,5471
2026-06-28 07:05,4822,3835,5584
2026-06-28 07:10,5073,3954,5168
2026-06-28 07:15,4943,3944,5271
2026-06-28 07:20,4982,3821,5510
2026-06-28 07:25,4723,4099,5478
2026-06-28 07:30,5039,4358,5404
2026-06-28 07:35,4945,4033,5295
2026-06-28 07:40,4782,4087,5217
2026-06-28 07:45,5226,4267,5562
2026-06-28 07:50,5253,4149,5832
2026-06-28 07:55,5075,3810,5316
2026-06-28 08:00,4676,3806,5763
2026-06-28 08:05,5215,3966,5507
2026-06-28 08:10,5204,4235,5904
2026-06-28 08:15,5122,3877,5430
2026-06-28 08:20,5214,4330,5205
2026-06-28 08:25,5090,4008,5172
2026-06-28 08:30,4962,4313,5266
2026-06-28 08:35,5255,3886,5591
2026-06-28 08:40,5289,3956,5176
2026-06-28 08:45,4951,3963,5799
2026-06-28 08:50,5185,4136,5154
2026-06-28 08:55,5046,4295,5853
2026-06-28 09:00,4989,4291,5467
2026-06-28 09:05,4682,4036,5375
2026-06-28 09:10,4976,4153,5520
2026-06-28 09:15,4816,4236,5861
2026-06-28 09:20,4776,4267,5804
2026-06-28 09:25,4661,4345,5489
2026-06-28 09:30,5063,4143,5711
2026-06-28 09:35,5054,4317,5611
2026-06-28 09:40,5196,4201,5270
2026-06-28 09:45,5236,4031,5838
2026-06-28 09:50,4936,3914,5737
2026-06-28 09:55,4856,4069,5925
2026-06-28 10:00,4829,4169,5353
2026-06-28 10:05,4971,4054,5532
2026-06-28 10:10,5306,4176,6001
2026-06-28 10:15,4825,3894,5583
2026-06-28 10:20,5265,4112,5424
2026-06-28 10:25,5025,4371,5358
2026-06-28 10:30,5125,4070,5468
2026-06-28 10:35,4776,3987,5500
2026-06-28 10:40,5081,4168,5363
2026-06-28 10:45,5041,4487,6097
2026-06-28 10:50,5316,4115,5993
2026-06-28 10:55,5231,4452,5947
2026-06-28 11:00,4961,4119,6005
2026-06-28 11:05,4914,4062,5953
2026-06-28 11:10,5034,4409,5919
2026-06-28 11:15,5521,4268,6245
2026-06-28 11:20,5669,4092,5797
2026-06-28 11:25,5017,4700,6323
2026-06-28 11:30,5367,4541,6381
2026-06-28 11:35,5074,4406,5666
2026-06-28 11:40,5613,4363,6458
2026-06-28 11:45,5281,4409,6209
2026-06-28 11:50,5376,4637,6527
2026-06-28 11:55,5147,4643,5994
2026-06-28 12:00,5416,4428,5907
2026-06-28 12:05,5834,4910,6049
2026-06-28 12:10,5936,4660,6463
2026-06-28 12:15,5481,4335,6155
2026-06-28 12:20,5690,4844,6120
2026-06-28 12:25,5908,4866,6840
2026-06-28 12:30,5785,4930,6487
2026-06-28 12:35,5985,5029,6420
2026-06-28 12:40,6042,4872,6312
2026-06-28 12:45,5702,4581,6914
2026-06-28 12:50,5774,4618,6795
2026-06-28 12:55,5919,4813,6304
2026-06-28 13:00,5770,4929,7129
2026-06-28 13:05,6137,5124,7173
2026-06-28 13:10,6440,5118,6642
2026-06-28 13:15,5726,5199,6853
2026-06-28 13:20,6490,5211,6801
2026-06-28 13:25,5950,5042,6592
2026-06-28 13:30,6393,5168,7414
2026-06-28 13:35,6090,5491,6753
2026-06-28 13:40,6677,5322,7363
2026-06-28 13:45,5944,5099,6651
2026-06-28 13:50,6747,5263,6683
2026-06-28 13:55,6657,4974,6944
2026-06-28 14:00,6341,5619,7701
2026-06-28 14:05,6574,5685,7706
2026-06-28 14:10,6922,5264,7736
2026-06-28 14:15,6540,5087,7737
2026-06-28 14:20,6993,5295,7236
2026-06-28 14:25,7140,5196,7188
2026-06-28 14:30,7202,5534,7721
2026-06-28 14:35,7137,5281,7216
2026-06-28 14:40,7238,5432,7588
2026-06-28 14:45,7079,5319,8057
2026-06-28 14:50,6635,5806,7411
2026-06-28 14:55,7252,5593,8176
2026-06-28 15:00,6818,6181,7688
2026-06-28 15:05,7185,6110,7487
2026-06-28 15:10,7605,5989,7466
2026-06-28 15:15,7389,5682,8625
2026-06-28 15:20,6989,5988,7566
2026-06-28 15:25,7767,5868,7747
2026-06-28 15:30,7325,6139,8114
2026-06-28 15:35,7479,5824,8530
2026-06-28 15:40,7782,5924,8636
2026-06-28 15:45,7095,6035,8518
2026-06-28 15:50,7840,6270,8739
2026-06-28 15:55,8120,6174,8537
2026-06-28 16:00,7788,6429,8333
2026-06-28 16:05,7701,6663,8100
2026-06-28 16:10,7753,6784,9117
2026-06-28 16:15,7458,6410,9079
2026-06-28 16:20,7909,6690,9045
2026-06-28 16:25,8363,6492,9068
2026-06-28 16:30,7647,6822,9437
2026-06-28 16:35,8127,7102,9102
2026-06-28 16:40,8289,6843,9054
2026-06-28 16:45,8000,6598,9629
2026-06-28 16:50,8556,6783,9306
2026-06-28 16:55,7804,7139,9707
2026-06-28 17:00,8909,6684,9664
2026-06-28 17:05,8421,7423,8921
2026-06-28 17:10,8792,6586,9546
2026-06-28 17:15,8247,7382,9027
2026-06-28 17:20,9215,6815,9440
2026-06-28 17:25,8605,7446,10006
2026-06-28 17:30,8490,7560,9596
2026-06-28 17:35,9056,7446,9579
2026-06-28 17:40,9395,7446,9692
2026-06-28 17:45,9355,7256,10459
2026-06-28 17:50,9302,6951,9495
2026-06-28 17:55,8786,7540,9842
2026-06-28 18:00,9183,7707,9874
2026-06-28 18:05,8894,7568,10106
2026-06-28 18:10,9331,7920,10698
2026-06-28 18:15,9074,7897,9926
2026-06-28 18:20,9223,7649,10159
2026-06-28 18:25,9354,7379,11176
2026-06-28 18:30,9427,8184,10619
2026-06-28 18:35,9762,7878,11157
2026-06-28 18:40,10104,7705,10789
2026-06-28 18:45,10301,7713,10833
2026-06-28 18:50,9184,8320,10530
2026-06-28 18:55,9241,8135,11461
2026-06-28 19:00,10567,7693,11089
2026-06-28 19:05,9971,8643,10496
2026-06-28 19:10,10456,7952,11779
2026-06-28 19:15,10305,8770,11653
2026-06-28 19:20,9989,8867,11060
2026-06-28 19:25,9731,8054,11590
2026-06-28 19:30,10698,8531,11919
2026-06-28 19:35,9926,8379,12083
2026-06-28 19:40,11161,9116,11865
2026-06-28 19:45,10908,9161,11725
2026-06-28 19:50,11309,9323,12281
2026-06-28 19:55,10538,8829,12086
2026-06-28 20:00,10179,8868,12820
2026-06-28 20:05,10577,8545,12924
2026-06-28 20:10,10461,9354,12968
2026-06-28 20:15,10825,9023,12128
2026-06-28 20:20,10787,8718,13160
2026-06-28 20:25,12004,9822,12609
2026-06-28 20:30,11167,9871,13394
2026-06-28 20:35,10709,9150,13551
2026-06-28 20:40,12023,9283,11996
2026-06-28 20:45,10841,9202,13366
2026-06-28 20:50,12040,9480,12371
2026-06-28 20:55,11330,9358,13235
2026-06-28 21:00,11785,10035,12581
2026-06-28 21:05,11403,9762,13244
2026-06-28 21:10,11005,9705,12687
2026-06-28 21:15,12185,9981,13460
2026-06-28 21:20,11511,9521,13208
2026-06-28 21:25,11034,9878,11883
2026-06-28 21:30,11118,9176,13197
2026-06-28 21:35,11617,8835,12966
2026-06-28 21:40,10642,9405,12606
2026-06-28 21:45,10392,8858,12411
2026-06-28 21:50,11289,8763,12551
2026-06-28 21:55,11036,9002,12591
2026-06-28 22:00,10621,9237,12481
2026-06-28 22:05,11006,8955,11260
2026-06-28 22:10,10646,8856,11315
2026-06-28 22:15,9957,8681,11541
2026-06-28 22:20,10430,8339,12207
2026-06-28 22:25,11029,8133,11117
2026-06-28 22:30,10097,8624,11213
2026-06-28 22:35,9710,7974,10998
2026-06-28 22:40,10962,9018,12262
2026-06-28 22:45,10070,8786,10767
2026-06-28 22:50,10298,7931,11825
2026-06-28 22:55,10616,7857,11120
2026-06-28 23:00,10030,8541,10820
2026-06-28 23:05,10445,7893,10555
2026-06-28 23:10,9480,8268,10988
2026-06-28 23:15,9162,8469,11535
2026-06-28 23:20,9074,7901,10890
2026-06-28 23:25,9283,7972,11205
2026-06-28 23:30,9784,8315,10287
2026-06-28 23:35,9405,8376,10379
2026-06-28 23:40,9138,7310,10690
2026-06-28 23:45,9075,7360,11131
2026-06-28 23:50,9307,7431,10765
2026-06-28 23:55,9072,7611,10280
2026-06-29 00:00,4212,3651,4861
2026-06-29 00:05,4231,3437,5204
2026-06-29 00:10,4292,3392,4983
2026-06-29 00:15,4402,3491,4916
2026-06-29 00:20,4680,3871,4755
2026-06-29 00:25,4136,3447,5150
2026-06-29 00:30,4577,3755,4951
2026-06-29 00:35,4482,3716,4704
2026-06-29 00:40,4494,3885,4966
2026-06-29 00:45,4590,3433,4684
2026-06-29 00:50,4212,3698,4964
2026-06-29 00:55,4695,3495,4820
2026-06-29 01:00,4416,3417,5013
2026-06-29 01:05,4170,3715,4882
2026-06-29 01:10,4403,3802,5274
2026-06-29 01:15,4557,3749,4639
2026-06-29 01:20,4177,3891,5222
2026-06-29 01:25,4137,3660,4873
2026-06-29 01:30,4623,3719,4849
2026-06-29 01:35,4130,3881,4816
2026-06-29 01:40,4312,3595,5081
2026-06-29 01:45,4559,3432,4713
2026-06-29 01:50,4595,3754,5236
2026-06-29 01:55,4614,3455,4605
2026-06-29 02:00,4636,3644,5235
2026-06-29 02:05,4267,3510,4816
2026-06-29 02:10,4327,3407,4965
2026-06-29 02:15,4476,3516,4850
2026-06-29 02:20,4253,3507,4914
2026-06-29 02:25,4471,3493,4994
2026-06-29 02:30,4242,3781,5251
2026-06-29 02:35,4368,3666,5250
2026-06-29 02:40,4244,3472,5018
2026-06-29 02:45,4472,3692,5062
2026-06-29 02:50,4245,3666,4677
2026-06-29 02:55,4555,3570,5174
2026-06-29 03:00,4671,3806,4862
2026-06-29 03:05,4438,3560,4791
2026-06-29 03:10,4425,3662,5124
2026-06-29 03:15,4271,3516,4650
2026-06-29 03:20,4455,3828,5111
2026-06-29 03:25,4577,3666,4664
2026-06-29 03:30,4654,3541,5019
2026-06-29 03:35,4359,3428,5094
2026-06-29 03:40,4198,3793,4674
2026-06-29 03:45,4257,3848,5267
2026-06-29 03:50,4322,3418,4841
2026-06-29 03:55,4223,3756,4893
2026-06-29 04:00,4515,3564,4973
2026-06-29 04:05,4186,3687,4904
2026-06-29 04:10,4271,3666,5118
2026-06-29 04:15,4492,3462,4715
2026-06-29 04:20,4245,3549,4654
2026-06-29 04:25,4211,3683,4866
2026-06-29 04:30,4150,3618,4992
2026-06-29 04:35,4435,3504,4800
2026-06-29 04:40,4618,3891,4882
2026-06-29 04:45,4498,3845,4719
2026-06-29 04:50,4210,3683,4940
2026-06-29 04:55,4534,3882,5262
2026-06-29 05:00,4215,3810,5207
2026-06-29 05:05,4675,3802,5074
2026-06-29 05:10,4507,3892,4942
2026-06-29 05:15,4389,3689,4638
2026-06-29 05:20,4238,3422,5125
2026-06-29 05:25,4569,3863,4733
2026-06-29 05:30,4601,3865,4828
2026-06-29 05:35,4626,3866,4812
2026-06-29 05:40,4595,3481,4743
2026-06-29 05:45,4480,3704,5112
2026-06-29 05:50,4118,3688,4822
2026-06-29 05:55,4370,3814,4800
2026-06-29 06:00,4369,3821,5083
2026-06-29 06:05,4596,3560,4833
2026-06-29 06:10,4549,3708,4932
2026-06-29 06:15,4380,3789,5012
2026-06-29 06:20,4306,3713,4694
2026-06-29 06:25,4611,3723,4836
2026-06-29 06:30,4526,3737,4866
2026-06-29 06:35,4668,3850,4812
2026-06-29 06:40,4381,3513,5241
2026-06-29 06:45,4401,3893,5283
2026-06-29 06:50,4666,3642,5054
2026-06-29 06:55,4181,3793,4680
2026-06-29 07:00,4484,3463,4856
2026-06-29 07:05,4449,3571,5207
2026-06-29 07:10,4132,3834,5192
2026-06-29 07:15,4158,3532,4976
2026-06-29 07:20,4130,3869,4893
2026-06-29 07:25,4426,3749,4615
2026-06-29 07:30,4327,3875,4984
2026-06-29 07:35,4472,3532,5002
2026-06-29 07:40,4615,3747,4747
2026-06-29 07:45,4638,3798,4841
2026-06-29 07:50,4326,3567,5035
2026-06-29 07:55,4231,3392,4645
2026-06-29 08:00,4271,3759,4798
2026-06-29 08:05,4624,3783,5210
2026-06-29 08:10,4552,3545,5059
2026-06-29 08:15,4176,3556,4814
2026-06-29 08:20,4355,3575,4650
2026-06-29 08:25,4230,3518,4790
2026-06-29 08:30,4376,3455,5050
2026-06-29 08:35,4157,3404,4960
2026-06-29 08:40,4252,3555,4954
2026-06-29 08:45,4502,3576,4955
2026-06-29 08:50,4181,3499,4938
2026-06-29 08:55,4225,3459,4897
2026-06-29 09:00,4721,3835,4700
2026-06-29 09:05,4120,3577,4963
2026-06-29 09:10,4653,3799,4691
2026-06-29 09:15,4636,3431,4780
2026-06-29 09:20,4122,3540,4668
2026-06-29 09:25,4426,3626,4814
2026-06-29 09:30,4437,3397,4613
2026-06-29 09:35,4720,3641,5210
2026-06-29 09:40,4320,3477,5258
2026-06-29 09:45,4184,3610,5148
2026-06-29 09:50,4646,3407,5004
2026-06-29 09:55,4441,3465,5036
2026-06-29 10:00,4337,3525,5302
2026-06-29 10:05,4316,3669,5292
2026-06-29 10:10,4295,3739,5123
2026-06-29 10:15,4510,3583,4802
2026-06-29 10:20,4791,3746,5267
2026-06-29 10:25,4781,3866,5230
2026-06-29 10:30,4808,3565,5065
2026-06-29 10:35,4444,3884,4851
2026-06-29 10:40,4605,3666,5229
2026-06-29 10:45,4647,3843,5040
2026-06-29 10:50,4659,3710,5036
2026-06-29 10:55,4960,3799,5466
2026-06-29 11:00,4397,4016,4899
2026-06-29 11:05,4564,3664,5566
2026-06-29 11:10,4952,3859,5538
2026-06-29 11:15,5055,4027,5600
2026-06-29 11:20,5007,4147,5304
2026-06-29 11:25,4442,3975,5489
2026-06-29 11:30,5009,4210,5156
2026-06-29 11:35,4939,3782,5145
2026-06-29 11:40,4586,3997,5699
2026-06-29 11:45,4969,4088,5690
2026-06-29 11:50,4602,4317,5179
2026-06-29 11:55,5237,4176,5339
2026-06-29 12:00,4782,4140,5668
2026-06-29 12:05,5003,3940,5591
2026-06-29 12:10,5024,4172,5260
2026-06-29 12:15,5183,4318,5925
2026-06-29 12:20,5099,4179,5992
2026-06-29 12:25,5153,4111,5803
2026-06-29 12:30,5171,4173,5505
2026-06-29 12:35,5034,3966,5630
2026-06-29 12:40,5037,4300,6035
2026-06-29 12:45,5099,4485,6141
2026-06-29 12:50,5176,4441,5895
2026-06-29 12:55,5651,4246,6148
2026-06-29 13:00,5478,4434,6281
2026-06-29 13:05,5585,4692,6241
2026-06-29 13:10,5133,4503,6368
2026-06-29 13:15,5492,4430,6231
2026-06-29 13:20,5810,4337,6109
2026-06-29 13:25,5582,4227,6292
2026-06-29 13:30,5481,4681,6384
2026-06-29 13:35,5597,4869,6207
2026-06-29 13:40,5987,4782,6528
2026-06-29 13:45,5309,4955,6588
2026-06-29 13:50,5571,5024,6333
2026-06-29 13:55,5501,4618,6238
2026-06-29 14:00,5747,4764,6829
2026-06-29 14:05,5643,4876,6307
2026-06-29 14:10,6018,5102,6264
2026-06-29 14:15,5647,4892,6255
2026-06-29 14:20,6182,4893,6843
2026-06-29 14:25,6027,5264,6859
2026-06-29 14:30,6309,5197,7148
2026-06-29 14:35,6121,4831,6895
2026-06-29 14:40,5867,5019,6528
2026-06-29 14:45,6319,5076,7302
2026-06-29 14:50,6124,5117,7098
2026-06-29 14:55,6102,5490,6653
2026-06-29 15:00,6367,5521,7049
2026-06-29 15:05,6692,4920,6938
2026-06-29 15:10,6556,5522,7215
2026-06-29 15:15,6687,4950,7174
2026-06-29 15:20,6331,5039,7431
2026-06-29 15:25,6682,5407,7359
2026-06-29 15:30,6484,5485,7223
2026-06-29 15:35,7051,5704,7007
2026-06-29 15:40,6285,5463,7846
2026-06-29 15:45,6388,5481,7761
2026-06-29 15:50,7028,5546,7097
2026-06-29 15:55,7301,5610,7400
2026-06-29 16:00,6533,5854,8063
2026-06-29 16:05,6596,5767,7296
2026-06-29 16:10,7062,5639,7269
2026-06-29 16:15,7521,5508,7786
2026-06-29 16:20,7318,6029,7850
2026-06-29 16:25,7135,5549,7532
2026-06-29 16:30,7015,5579,7483
2026-06-29 16:35,7665,6190,7767
2026-06-29 16:40,6918,5857,7938
2026-06-29 16:45,7076,6295,8011
2026-06-29 16:50,6996,6135,8828
2026-06-29 16:55,6968,6211,7772
2026-06-29 17:00,7052,6268,8909
2026-06-29 17:05,7159,6395,8833
2026-06-29 17:10,7462,6493,8630
2026-06-29 17:15,7233,6158,8802
2026-06-29 17:20,7312,6322,8547
2026-06-29 17:25,7372,6724,9013
2026-06-29 17:30,8385,6871,8733
2026-06-29 17:35,8113,6755,8810
2026-06-29 17:40,7810,6281,9503
2026-06-29 17:45,7789,6923,9454
2026-06-29 17:50,8504,6239,8782
2026-06-29 17:55,8591,6314,9386
2026-06-29 18:00,8241,6538,8828
2026-06-29 18:05,8724,7151,8752
2026-06-29 18:10,8306,6398,9284
2026-06-29 18:15,8396,7070,9164
2026-06-29 18:20,8965,6790,9679
2026-06-29 18:25,8285,7375,10124
2026-06-29 18:30,8939,6963,9329
2026-06-29 18:35,8804,6618,9045
2026-06-29 18:40,8353,7599,10310
2026-06-29 18:45,9064,6840,9511
2026-06-29 18:50,9028,7309,10369
2026-06-29 18:55,8561,7148,10161
2026-06-29 19:00,8906,7192,10443
2026-06-29 19:05,8778,7421,9393
2026-06-29 19:10,9327,7042,10347
2026-06-29 19:15,9663,7372,9993
2026-06-29 19:20,9313,7164,9711
2026-06-29 19:25,9116,8080,10459
2026-06-29 19:30,9755,8186,10135
2026-06-29 19:35,9266,7429,10065
2026-06-29 19:40,9761,7277,10122
2026-06-29 19:45,9329,7571,11076
2026-06-29 19:50,9055,7945,10705
2026-06-29 19:55,9907,7722,10050
2026-06-29 20:00,9464,7918,10129
2026-06-29 20:05,9251,7963,10853
2026-06-29 20:10,9530,8569,11118
2026-06-29 20:15,9996,7967,11556
2026-06-29 20:20,10544,8307,10982
2026-06-29 20:25,9795,8183,11923
2026-06-29 20:30,9684,8679,10950
2026-06-29 20:35,10723,8706,10906
2026-06-29 20:40,9574,7954,11087
2026-06-29 20:45,9957,8296,11928
2026-06-29 20:50,9976,9073,11477
2026-06-29 20:55,10438,8493,12392
2026-06-29 21:00,10829,8251,12206
2026-06-29 21:05,10091,8112,12382
2026-06-29 21:10,9798,8813,12002
2026-06-29 21:15,10029,7988,10851
2026-06-29 21:20,10755,8279,10786
2026-06-29 21:25,10313,8546,11661
2026-06-29 21:30,10180,8608,10723
2026-06-29 21:35,10635,8153,11114
2026-06-29 21:40,9734,8466,10546
2026-06-29 21:45,9273,8726,11037
2026-06-29 21:50,9590,8165,11445
2026-06-29 21:55,9470,8253,10719
2026-06-29 22:00,9401,8352,10667
2026-06-29 22:05,9391,7457,10204
2026-06-29 22:10,9323,7511,11300
2026-06-29 22:15,9811,7543,10192
2026-06-29 22:20,9675,7500,10546
2026-06-29 22:25,9435,7432,10507
2026-06-29 22:30,9844,7193,10471
2026-06-29 22:35,9560,7104,10651
2026-06-29 22:40,9255,7912,9802
2026-06-29 22:45,9754,8008,9690
2026-06-29 22:50,8635,7915,9462
2026-06-29 22:55,9243,7351,9586
2026-06-29 23:00,8313,7026,10221
2026-06-29 23:05,8614,7765,10203
2026-06-29 23:10,9201,6968,10356
2026-06-29 23:15,8612,7009,10272
2026-06-29 23:20,8330,7563,9132
2026-06-29 23:25,8820,7209,10182
2026-06-29 23:30,8752,6593,9509
2026-06-29 23:35,7999,6599,9608
2026-06-29 23:40,8423,6970,9801
2026-06-29 23:45,8097,7371,8901
2026-06-29 23:50,8451,7308,9177
2026-06-29 23:55,7879,6863,8781
2026-06-30 00:00,4707,3478,4930
2026-06-30 00:05,4267,3788,4931
2026-06-30 00:10,4659,3665,4626
2026-06-30 00:15,4373,3634,5113
2026-06-30 00:20,4672,3788,5088
2026-06-30 00:25,4212,3543,4819
2026-06-30 00:30,4574,3692,5079
2026-06-30 00:35,4327,3527,5147
2026-06-30 00:40,4389,3466,4854
2026-06-30 00:45,4683,3394,4889
2026-06-30 00:50,4157,3592,5119
2026-06-30 00:55,4366,3735,5169
2026-06-30 01:00,4717,3565,4828
2026-06-30 01:05,4264,3619,5046
2026-06-30 01:10,4588,3627,4990
2026-06-30 01:15,4431,3494,5193
2026-06-30 01:20,4391,3463,4676
2026-06-30 01:25,4542,3537,4958
2026-06-30 01:30,4680,3810,5156
2026-06-30 01:35,4465,3890,5124
2026-06-30 01:40,4386,3635,5022
2026-06-30 01:45,4122,3399,4839
2026-06-30 01:50,4585,3752,4670
2026-06-30 01:55,4624,3763,5104
2026-06-30 02:00,4428,3633,5062
2026-06-30 02:05,4229,3722,4768
2026-06-30 02:10,4205,3406,4618
2026-06-30 02:15,4164,3814,5249
2026-06-30 02:20,4218,3685,4744
2026-06-30 02:25,4186,3671,5150
2026-06-30 02:30,4463,3717,4662
2026-06-30 02:35,4655,3754,4973
2026-06-30 02:40,4437,3425,5176
2026-06-30 02:45,4449,3855,5194
2026-06-30 02:50,4610,3891,4980
2026-06-30 02:55,4124,3806,4897
2026-06-30 03:00,4323,3451,5290
2026-06-30 03:05,4176,3414,4746
2026-06-30 03:10,4563,3639,5173
2026-06-30 03:15,4393,3783,4781
2026-06-30 03:20,4408,3419,5057
2026-06-30 03:25,4563,3607,5059
2026-06-30 03:30,4145,3745,4607
2026-06-30 03:35,4415,3677,4981
2026-06-30 03:40,4211,3867,5252
2026-06-30 03:45,4527,3390,4725
2026-06-30 03:50,4364,3442,4738
2026-06-30 03:55,4401,3750,4663
2026-06-30 04:00,4550,3885,5011
2026-06-30 04:05,4602,3854,4717
2026-06-30 04:10,4171,3744,5272
2026-06-30 04:15,4176,3799,4918
2026-06-30 04:20,4491,3701,4788
2026-06-30 04:25,4246,3787,4730
2026-06-30 04:30,4353,3574,4729
2026-06-30 04:35,4148,3624,5019
2026-06-30 04:40,4207,3679,4848
2026-06-30 04:45,4131,3726,5287
2026-06-30 04:50,4363,3812,4643
2026-06-30 04:55,4402,3696,5015
2026-06-30 05:00,4177,3424,4707
2026-06-30 05:05,4445,3728,4742
2026-06-30 05:10,4535,3508,5175
2026-06-30 05:15,4460,3462,4775
2026-06-30 05:20,4518,3450,5054
2026-06-30 05:25,4395,3616,5244
2026-06-30 05:30,4373,3398,5246
2026-06-30 05:35,4411,3574,4983
2026-06-30 05:40,4549,3406,5260
2026-06-30 05:45,4360,3793,4755
2026-06-30 05:50,4435,3444,4889
2026-06-30 05:55,4123,3832,4611
2026-06-30 06:00,4372,3642,4867
2026-06-30 06:05,4600,3888,4887
2026-06-30 06:10,4545,3884,5044
2026-06-30 06:15,4616,3690,4825
2026-06-30 06:20,4388,3825,4896
2026-06-30 06:25,4392,3815,5246
2026-06-30 06:30,4431,3460,5207
2026-06-30 06:35,4656,3480,4952
2026-06-30 06:40,4652,3614,5032
2026-06-30 06:45,4145,3434,5000
2026-06-30 06:50,4458,3892,5192
2026-06-30 06:55,4371,3717,4902
2026-06-30 07:00,4711,3421,4846
2026-06-30 07:05,4160,3896,4698
2026-06-30 07:10,4295,3522,4992
2026-06-30 07:15,4210,3549,4734
2026-06-30 07:20,4327,3606,5136
2026-06-30 07:25,4371,3851,4641
2026-06-30 07:30,4214,3845,5158
2026-06-30 07:35,4170,3423,4730
2026-06-30 07:40,4281,3474,4795
2026-06-30 07:45,4405,3393,4657
2026-06-30 07:50,4615,3532,5148
2026-06-30 07:55,4515,3743,5265
2026-06-30 08:00,4711,3649,4757
2026-06-30 08:05,4272,3808,5153
2026-06-30 08:10,4472,3501,5273
2026-06-30 08:15,4593,3696,5052
2026-06-30 08:20,4225,3692,4701
2026-06-30 08:25,4480,3478,5161
2026-06-30 08:30,4228,3498,4968
2026-06-30 08:35,4459,3515,4660
2026-06-30 08:40,4164,3557,4615
2026-06-30 08:45,4665,3713,4991
2026-06-30 08:50,4274,3661,5292
2026-06-30 08:55,4651,3669,4658
2026-06-30 09:00,4364,3754,4777
2026-06-30 09:05,4639,3669,4869
2026-06-30 09:10,4145,3869,5165
2026-06-30 09:15,4235,3445,5008
2026-06-30 09:20,4335,3437,5045
2026-06-30 09:25,4296,3667,5257
2026-06-30 09:30,4388,3592,4937
2026-06-30 09:35,4228,3899,4853
2026-06-30 09:40,4279,3595,5277
2026-06-30 09:45,4672,3550,4665
2026-06-30 09:50,4717,3778,4953
2026-06-30 09:55,4411,3527,5106
2026-06-30 10:00,4277,3767,4751
2026-06-30 10:05,4300,3531,5050
2026-06-30 10:10,4390,3641,5245
2026-06-30 10:15,4491,3899,5021
2026-06-30 10:20,4460,3967,5179
2026-06-30 10:25,4365,3699,4791
2026-06-30 10:30,4691,3711,5421
2026-06-30 10:35,4409,3861,5260
2026-06-30 10:40,4414,3775,5251
2026-06-30 10:45,4521,3923,5498
2026-06-30 10:50,4718,4014,5465
2026-06-30 10:55,4549,3884,4934
2026-06-30 11:00,4640,3769,5087
2026-06-30 11:05,4393,4008,5116
2026-06-30 11:10,4420,4144,5373
2026-06-30 11:15,4714,3760,4931
2026-06-30 11:20,4735,4051,5484
2026-06-30 11:25,4987,3790,5605
2026-06-30 11:30,4529,4060,5124
2026-06-30 11:35,4692,3756,5071
2026-06-30 11:40,4563,3737,5776
2026-06-30 11:45,4705,3754,5388
2026-06-30 11:50,5179,4312,5641
2026-06-30 11:55,5084,3865,5754
2026-06-30 12:00,5010,4049,5581
2026-06-30 12:05,4989,3847,5789
2026-06-30 12:10,5252,4069,5813
2026-06-30 12:15,5145,4330,5440
2026-06-30 12:20,5154,4050,5546
2026-06-30 12:25,5131,4132,5610
2026-06-30 12:30,5016,4011,5595
2026-06-30 12:35,5301,4435,5637
2026-06-30 12:40,4966,4107,5596
2026-06-30 12:45,4891,4094,5619
2026-06-30 12:50,5134,4432,5945
2026-06-30 12:55,5499,4355,5519
2026-06-30 13:00,5296,4308,6331
2026-06-30 13:05,5712,4348,5761
2026-06-30 13:10,5315,4674,5899
2026-06-30 13:15,5363,4735,6485
2026-06-30 13:20,5455,4622,6518
2026-06-30 13:25,5277,4494,6069
2026-06-30 13:30,5801,4768,6262
2026-06-30 13:35,5791,4597,5837
2026-06-30 13:40,6018,4448,5862
2026-06-30 13:45,5977,4692,6420
2026-06-30 13:50,5459,4995,5972
2026-06-30 13:55,5989,4605,6033
2026-06-30 14:00,5394,5052,6633
2026-06-30 14:05,6019,5111,6510
2026-06-30 14:10,6067,5131,6308
2026-06-30 14:15,5907,4629,6701
2026-06-30 14:20,5927,4882,6819
2026-06-30 14:25,6029,5190,6475
2026-06-30 14:30,5996,4630,6435
2026-06-30 14:35,5683,4863,6826
2026-06-30 14:40,6331,5001,6487
2026-06-30 14:45,6149,4910,6689
2026-06-30 14:50,6461,5261,6906
2026-06-30 14:55,6461,5270,6889
2026-06-30 15:00,6438,5280,7524
2026-06-30 15:05,6359,5370,7546
2026-06-30 15:10,6254,5053,7645
2026-06-30 15:15,6875,5137,7342
2026-06-30 15:20,6305,5327,7577
2026-06-30 15:25,6286,5613,7376
2026-06-30 15:30,6238,5324,7438
2026-06-30 15:35,6998,5154,7043
2026-06-30 15:40,7116,5340,7798
2026-06-30 15:45,6750,5268,7324
2026-06-30 15:50,6522,5257,7143
2026-06-30 15:55,6433,5763,7867
2026-06-30 16:00,6804,5588,7722
2026-06-30 16:05,7111,5385,7615
2026-06-30 16:10,6921,6117,8034
2026-06-30 16:15,7043,6074,7405
2026-06-30 16:20,7116,5818,8392
2026-06-30 16:25,7347,5916,7861
2026-06-30 16:30,7481,5535,8128
2026-06-30 16:35,7165,5664,7762
2026-06-30 16:40,7706,5659,7863
2026-06-30 16:45,7382,6262,8085
2026-06-30 16:50,7213,6238,8113
2026-06-30 16:55,7249,6314,8692
2026-06-30 17:00,7767,6316,8240
2026-06-30 17:05,7519,6026,7943
2026-06-30 17:10,8145,6520,8959
2026-06-30 17:15,7477,6411,8499
2026-06-30 17:20,7230,6207,8603
2026-06-30 17:25,7746,6483,8778
2026-06-30 17:30,7333,6714,8718
2026-06-30 17:35,7528,6120,8420
2026-06-30 17:40,7478,6304,8441
2026-06-30 17:45,8043,6197,9489
2026-06-30 17:50,7940,6760,8491
2026-06-30 17:55,7863,6552,8958
2026-06-30 18:00,7887,6414,9606
2026-06-30 18:05,8624,7014,8672
2026-06-30 18:10,7984,6402,9867
2026-06-30 18:15,7878,6616,9513
2026-06-30 18:20,8496,6549,9311
2026-06-30 18:25,8410,7288,9056
2026-06-30 18:30,8759,7474,9809
2026-06-30 18:35,8132,7061,9235
2026-06-30 18:40,8537,6916,10372
2026-06-30 18:45,8591,7428,9202
2026-06-30 18:50,9236,7607,9934
2026-06-30 18:55,9455,7703,10348
2026-06-30 19:00,8320,7439,9567
2026-06-30 19:05,8706,6913,9812
2026-06-30 19:10,8546,7725,10502
2026-06-30 19:15,8904,7430,10545
2026-06-30 19:20,9365,7531,9976
2026-06-30 19:25,8653,7334,10338
2026-06-30 19:30,9932,8002,9884
2026-06-30 19:35,9541,7782,11082
2026-06-30 19:40,9191,7879,10918
2026-06-30 19:45,9543,7797,10756
2026-06-30 19:50,9766,7458,9967
2026-06-30 19:55,9337,7977,10503
2026-06-30 20:00,10004,8498,10599
2026-06-30 20:05,9682,8106,11688
2026-06-30 20:10,9663,8539,11128
2026-06-30 20:15,9964,7625,10807
2026-06-30 20:20,10540,7664,10628
2026-06-30 20:25,9820,8116,11889
2026-06-30 20:30,9730,8027,11794
2026-06-30 20:35,10287,8323,11571
2026-06-30 20:40,9715,8975,11362
2026-06-30 20:45,10370,8648,11723
2026-06-30 20:50,10529,8795,11149
2026-06-30 20:55,11104,9094,12468
2026-06-30 21:00,11275,8471,12383
2026-06-30 21:05,10329,8608,11761
2026-06-30 21:10,10005,9087,11218
2026-06-30 21:15,11000,8718,10757
2026-06-30 21:20,9638,8268,10955
2026-06-30 21:25,9875,8323,11697
2026-06-30 21:30,9586,8689,11554
2026-06-30 21:35,10179,8232,11590
2026-06-30 21:40,9322,7886,10884
2026-06-30 21:45,9582,7785,11630
2026-06-30 21:50,9319,8333,10837
2026-06-30 21:55,10346,8495,11621
2026-06-30 22:00,10326,8098,11008
2026-06-30 22:05,9963,8354,10635
2026-06-30 22:10,9836,8161,10076
2026-06-30 22:15,9672,8261,10633
2026-06-30 22:20,9600,7937,10273
2026-06-30 22:25,9625,8237,10313
2026-06-30 22:30,8712,7367,10555
2026-06-30 22:35,9157,7748,9843
2026-06-30 22:40,8653,7635,9599
2026-06-30 22:45,9257,7254,9642
2026-06-30 22:50,8741,7796,10737
2026-06-30 22:55,9529,7386,10709
2026-06-30 23:00,9344,7392,10223
2026-06-30 23:05,9278,7155,9924
2026-06-30 23:10,8266,7445,10158
2026-06-30 23:15,9256,7005,9966
2026-06-30 23:20,9050,7628,9559
2026-06-30 23:25,8193,7038,9775
2026-06-30 23:30,8014,6798,9182
2026-06-30 23:35,7977,6774,10085
2026-06-30 23:40,8614,7177,9837
2026-06-30 23:45,8133,7172,8775
2026-06-30 23:50,7947,7027,9468
2026-06-30 23:55,8744,6461,9064
